,name,description
0,Lachos Cellars Sauvignon Blanc 2012,"Bright, crisp, and mouthwatering, the 2012 Sauvignon Blanc opens with intense aromas of white peach, lime, and grapefruit. On the palate, a silky texture and crisp, refreshing acidity are complemented by a long, smooth finish.

Blend: 89% Sauvignon Blanc, 8% Semillon, 1% Sauvignon Musque"
2,Tarodahadin Chaary Rivi 2010,"The Chaary (or """"Orvieto-variety"""") is a blend of 90% Tempranillo, 10% Graciano and 5% Mazuelo grapes. The grapes are harvested in the early morning and harvested by hand in mid-afternoon. The wine is aged in small oak barrels for 12 months before being released in the spring following harvest."
3,Le Valli Sis de Trach Sauvignon Blanc 2013,"The nose is intense and complex, with intense aromas of white fruit (pineapple, peach, melon) and white floral notes. On the palate, the wine is fresh, fresh, and full of minerality.Pair this wine with seafood and shellfish, poultry and light pasta dishes."
4,Fotes Jadot Sauvignon Blanc 2005,"This is a perfect example of a New Zealand Sauvignon Blanc from a good vintage, with aromas of ripe melon, lemongrass, and grapefruit. The flavors are intense and concentrated, with a clean, crisp finish.""""-Wine Enthusiast"
5,Alarag Caleforno Rosso 2018,"Ruby red with purple reflections. On the nose, aromas of cherry and strawberry, with hints of spice and balsamic notes. On the palate, it is well balanced with a long and pleasant finish."
6,Prissarna Montinal Piorut Pinfandel 2012,"Bright ruby red in color with an aroma of ripe black fruits, cherry, black pepper, and spices.  The palate is full bodied, with soft tannins, and a long finish."
8,Orinigno Nontain Cabernet Sauvignon 2007,"Varietals: 85% Cabernet Sauvignon, 15% Merlot



Deep garnet red in color. Aromas of blackberry, cassis, mint and vanilla. Rich and full in the mouth with flavors of dark fruit and black pepper.

""""This is a juicy, rich, well-structured, elegant wine with ripe, sweet tannins. It's made to be consumed now, but should continue to improve for 10-15 years.""""-Wine Advocate"
9,Gamurd Gobir's C Vazad Barbard 2013,"The Gamurd family, who in 1857 acquired the property, acquired the historic town of Bagosija in the mid- 1800s, in a new viticultural area of Barzal. This vineyard is situated in the centre of the Barzal Region. The wines of Gamurd have a deep ruby color and a complex bouquet of dried fruit, smoke, tar, spices and a long finish."
10,Pogiina Cabernet Sauvignon 2006,"This Cabernet is dark, ripe and intense. The nose has rich notes of dark chocolate, dark cherries, cassis, vanilla, toasty oak and black currant. The palate is lush and concentrated with great balance and a lengthy finish.

"
11,Chateau Puhard Labille Vineyard Vines Pinot Noir 2017,"Luscious red fruit and spice aromas lead to juicy flavors of blackberry, black cherry, and boysenberry. With firm tannins and balanced acidity, this wine will pair beautifully with a wide range of foods.
Blend: 100% Pinot Noir"
12,Cauvia Pinor Moux 2015,"A soft and fruity Pinot with a fine and delicate structure. The nose reveals the delicate aroma of white flowers, pears and a hint of almonds. The palate is elegant, with a long and pleasant finish.Pairs well with poultry, seafood, fish, and white meat."
13,Starag Rioja Egenband Grundy 2016,"The Starag Rued Grundy has a bright, straw color with a hint of green. The nose is complex and intense with aromas of white pepper and fresh fruit. The palate is round, generous and persistent with notes of green apple and pear.
Ideal with fish, white meat and cheese."
15,Colin Celmar Ry Rosto 2018,"The color is a dark ruby red with purple hues. The bouquet is fruity and well balanced. The taste is dry with soft tannins and a fruity and well balanced finish.
Pairs well with red meats, stews, wild boar, and aged cheeses."
17,Torm de Garo Font Megria Chianti Classico 2014,"Ruby red color with garnet reflections. On the nose, this wine shows notes of blackberries, black cherries, and violets. On the palate, it is well-balanced, fresh, and fruity with a pleasant finish."
18,MetNing Lumb Sauvignin Blanc 2009,"Aromas of guava and passion fruit are overlaid with a hint of tropical fruit. The wine is rich and creamy with an elegant, lingering finish.



This wine is ideal with oysters, fresh crab, scallops, green salads and seafood.



"
19,Meromalardh Paroiri Mince 2016,"The wine is deep and intense. It is marked by a very subtle perfume. The palate is rich, full of ripe black fruit and sweet spices.
Blend: 90% Cabernet Sauvignon, 5% Merlot, 5% Cabernet Franc"
20,Ale Vineyard Zinfandel 2014,"This Zinfandel is bursting with aromas of red cherry, vanilla and baking spice. It has a rich mouthfeel with blackberry, chocolate and spice flavors that linger on the finish."
21,Trimb Park Doto Zinfandol 1996,"Dot is the fruit for Trimb's """"Grand Cru"""" - wines from South Africa.  The soil is volcanic and has a long, cool growing season.  This unique climate produces fruit with great concentration and full flavor.  Doto is the perfect balance of fruit, structure and acidity.  This wine has flavors of wild berries and spice with a soft, smooth finish.  This wine is an excellent choice with roast chicken or pork.  It is a perfect match for full-flavored foods like tri-tip, pizza or a tomato-based pasta dish."
22,Manzans Alexanded Estat Frack Hor Chardonnay 2016,The nose is dominated by a nose of citrus and tropical fruits. The mouth is fresh and mineral with a great freshness and persistence.
25,Murcina Ro Cabernet Sauvignon 2009,"The 2009 harvest yielded a wine with intense dark red color, great concentration, and outstanding complexity. The aromas are filled with notes of ripe plum and blackberry, followed by hints of cedar and earth. The palate is rich and full, with sweet, soft tannins. This wine is

structured and full of black fruit flavors, with notes of black pepper and anise."
26,Punzaors T Vinemiar Cabarnet Sauvignon 2016,"Intense ruby red color. Elegant and intense bouquet, with a good structure. Complex and elegant, with aromas of black fruits, spices and sweet oak. It is very pleasant and round on the palate.Pair with red meats, barbecued ribs, roasted pork, or aged cheese."
29,Duda Vindy Carner Vineyard Cabernet Sauvignon 2013,"This wine is a deep ruby color. On the nose, you find aromas of black cherry, cassis, licorice and black pepper. The entry is round and smooth with dark berry flavors, sweet tannins and a long finish. The 2014 vintage will drink well upon release but will gain in complexity with cellaring.
Pair with roasted and grilled meats, duck, lamb, and roasted game."
30,Beauig Reserve Pinot Noir 2012,"Dark ruby color. Deep aromas of cherry, cranberry, plum and hints of vanilla. Medium bodied with soft tannins and a round mouthfeel.

Pair with red meats, game, pasta with red sauce, pizza, hamburgers, lamb and cheeses."
32,Domaine Barali Cabernet Sauvignon 2015,"This wine displays an intense ruby red color. The bouquet offers a range of aromas ranging from spicy to balsamic. The palate is well-balanced with good structure and a lingering finish. 
Pairs well with red meats and game. Also excellent with aged cheese."
34,Pabert Chardonnay 2017,"Aromas of white peach and white flowers complement bright tropical fruit flavors of pineapple, mango, papaya, and papaya. A hint of hazelnut and toast round out this richly textured Chardonnay."
35,Chateau Ran Perro do Banbera Gariva 2008,"Deep ruby. Ripe black fruits with hints of chocolate and vanilla. Intense and round on the palate with lots of character. 

"
37,Hog No.Io Andeby Clis Cabernet Sauvignon 2011,"The 2011 Andeby Clis is a rich and elegant expression of Cabernet Sauvignon. It has aromas of red berries, black cherry and spices, with underlying notes of graphite, earth and leather. On the palate, it has a full, soft, well-structured mouthfeel with good acidity. This wine pairs well with steak and lamb, pasta dishes with rich sauces and roasted vegetables."
38,Colks Rod Sauvignon Blanc 2012,"Colks Rod Sauvignon Blanc is an intensely aromatic wine with a rich, mouthfilling texture and flavors of tropical fruit and citrus. Aromas of lime, grapefruit and orange blossom are followed by a rich, creamy mouthfeel."
39,Raba Cayra Cherevi Andia 1999,"Cherevi Andia is a spicy wine with a deep ruby color and rich, fruity and spicy aromas. It has a full body and is aged for 3 months in oak barrels. It has an exceptional character of chocolate and berries.

"
40,Ovivini Pero Noo Christpe 2013,"The color is a deep, intense ruby red. The nose is expressive with notes of cherry, wild berries and spices. On the palate, it is round, full-bodied and rich, with an elegant, balanced structure and soft tannins."
41,Stage Furmen Brown Gruss 2015,"Pale straw in color, this wine offers aromas of fresh, ripe stone fruits, white pepper, and herbs de Provence. On the palate, it is rich and well balanced, with fresh acidity and a long finish."
42,Domini-Cain Cro Chianti Rioga Mello d'Oa Bianco 2016,"A classic Mello di Montalcino with great freshness, purity and personality. It has a long ageing potential and a great potential for aging."
43,Chateau Stile Villade Rosmones 2014,"A bright and perfumed nose with notes of red fruits and spice. On the palate, the wine is fresh and crisp with a silky finish."
44,Bousstan Cuvie Vineyard Caharaso 2008,"Aromas of dark fruits, spice, vanilla, and mineral. On the palate the wine is full-bodied with supple tannins and is supported by nice acidity and a long finish.



This is a wine to be enjoyed on its own or with grilled or roasted meats, pasta dishes and mild cheeses."
45,Falas Velthy Zinfandel 2011,"#8 Wine Spectator Top 100 of 2014
Falas Velthy Zinfandel is a bold and spicy wine. The aromas are of ripe black cherries, plum, and mocha with hints of spice and earthiness. On the palate, the wine is medium-bodied, with soft tannins, ripe blackberries and a rich, long finish."
46,TreHen Pinot Noir 2015,"The 2015 TreHen Pinot Noir has a deep garnet color. The nose offers enticing aromas of ripe red fruits and notes of violets. The palate is elegant and well balanced with flavors of dark berries, dried figs, and red currants.  Pair with rich dishes such as grilled pork loin, roasted duck breast with cherry sauce, or roast duck with black pepper."
47,Ma3'n Montranci Quinta Chorez Chateauneuf-duige 2017,"The 2017 Montranci Chorez has a deep ruby red color. The nose is full of black fruit, such as blackcurrants, blackberries and plums. In the mouth, the wine is very well balanced with a nice structure, with notes of sweet spices and fresh, ripe fruit. The finish is very long and offers notes of spices, sweet vanilla and oak.
Blend: 85% Grenache, 10% Syrah, 5% Mourvdre"
48,Ravist Bricklors Red Cotes de Ronayit 2015,"Ravist's Red Cotes de Ronayit has aromas of ripe black cherry, strawberry, and spice, with soft and supple tannins. The palate is filled with flavors of plum, cherry, and spice, with a long finish."
52,Lour Mug Chardonnay 1998,"Pale gold color.  The nose is very open, showing notes of white flowers and citrus fruit.  The mouth is dry and medium-bodied.  This wine has excellent balance with a long finish."
53,Capzyat Pinot Blanc 2000,"This wine is bright and clear, with good fruit intensity. It is very aromatic, with a slight touch of mint, grapefruit and peach. It is dry, full-bodied, and elegant."
54,Hunephing Mariog Merlot 2014,"This Merlot has a bright ruby color and is bursting with aromas of fresh cherries and berries with a touch of spice and cedar. A smooth, supple and well-structured wine with good structure and balance, it is a perfect complement to spicy dishes, poultry and light cheeses."
55,Domaine Marberan 2017,"Domaine Marberan is an estate-owned and operated vineyard on the south bank of the Rhone River. The vines are located at an elevation of 1,860 ft in altitude and face south due south due east. The site is well-drained with sandy, gravel, and clay soils. The wines are barrel fermented and aged for 24 months in French and American oak.
Blend: 75% Grenache, 15% Syrah, 5% Mourvedre, 5% Carignan, 5% Counoise, 5% Viognier"
56,Siverss Dis Caberneaux 2011,"This blend of Cabernet Sauvignon, Merlot, and Petite Sirah displays an alluring and seductive perfume of violets, cedar, and wild berry fruits. This Cabernet Sauvignon has a rich and round mouthfeel and flavors of dark cherries, chocolate, and black currants with a long, smooth finish."
57,EeRutlon Valley Rite Cive Merlot 2016,"The EeRutlon Vineyards Merlot is made from grapes grown on the Rutlton Estate in the Eroica Valley.  The wine was fermented in small, open top fermenters and then aged in a combination of American and French oak for 15 months."
58,Fomagoo Calofoli Chashion Pinot Noir 2012,"This is a truly beautiful vintage of Calofoli.  The wine is a blend of the four best vineyard lots from Calofoli and the grapes for this classic bottling.  The first taste, the first impression is of a very dry, crisp wine, with layers of flavor and texture.  The wine is fermented and aged in stainless steel tanks to preserve the delicate nuances of Calofoli.  



This is a medium-bodied, silky Pinot Noir with good acidity, and a lingering finish."
59,Rumber Bertle Atexander Valley Cabernet Sauvignon 2011,"The 2011 vintage is a classic example of a classic Cabernet Sauvignon. The nose is very ripe with blackberries and cassis with hints of cedar, allspice and vanilla. The palate has a dense core of fruit with a nice balance of acidity and soft tannins."
60,Goasse Russa La Salis La Roccta 2001,"Blend: 90% Malbec, 5% Cabernet Sauvignon



The wine is aged for 15 months in French oak barrels, followed by one year in the bottle prior to release.  The wine shows intense red color with blackish hints and a full bouquet of ripe fruit.  It is a rich, full bodied wine with a long finish.  It will accompany most red meats and game dishes.



""""The 2001 La Roccta La Salis is a rich, full-bodied wine with great depth and texture. It has a complex bouquet of blackberries, spices, leather, and licorice. Full-bodied, with good concentration, a solid tannic structure, and a long, spicy finish. Goes well with red meats, aged game, and aged cheeses.""""-Wine Advocate"
61,Corimock Syrah 2018,"A dark, brooding, intense, layered, complex, and layered wine. The aromatics show a black pepper spice, violets, cassis, and fresh tobacco leaf. Flavors of blackberry, cassis, and cassis are balanced by juicy acidity and a subtle note of white pepper. The palate is rich and generous with ripe blackberry, spice, and bright fruit. The finish is long and lingering."
62,Jose Rose 2009,"A dry, crisp, medium-bodied wine, with flavors of

peach, apple and lemon. This wine is a great alternative to Chardonnay due to its

balance of fruit and acidity."
64,Fonta Tonda Dilamine 1998,"Color:	Medium ruby.Bouquet: Intensely fruity, with a hint of licorice and black pepper.Taste: Full-bodied, with a silky texture and a long finish.Food Suggestions: Roast meats, game and mature cheese.Alcohol: 12.5% by volume"
65,DunOkon-Cont (375ML) 2007,"The 2007 Dunokson-Cont is a delicious, juicy, medium bodied red wine.  Aromas of raspberry, blackberry, plum, mocha, and caramel with a touch of mint and spice.  A very pleasing wine that will cellar for up to 6 years.  A wine to enjoy with steak, pizza, and pasta. 



"
66,Paussa Cles Pruiis Gamilio di Campa Gewry Tontbso 2003,"This wine is a blend of Sangiovese and Merlot, aged in large Slavonian oak casks for 12 months. It is a ruby-red color with a fruity nose of black cherry, blackberry and plum. On the palate it is rich, fleshy and full-bodied with a long finish.Pair with red meat, game and aged cheeses."
67,Siliver Pinot Nour Trit Mong Syrah 2010,"The 2010 vintage of this wine was ranked #5 on the Wine Spectator's Top 10 Wines of 2011

This """"terroir"""" wine is a blend of Syrah, Mourvedre, Grenache, Cinsault, Counoise, Carignan, Counoise, and Counoise. Aromas of blueberries and black cherries fill the nose with hints of licorice, leather, and smoke. The palate is medium-bodied with layers of ripe blackberry, plum, and cassis. The wine is full-bodied with firm, firm tannins and an attractive finish. This Syrah will pair beautifully with a wide range of foods, including beef, lamb, pork, and pork."
68,Ferran Forsuiry Chardagno 1996,Ferran's Chardagno has a brilliant garnet color.  The nose is elegant and fresh with notes of mature fruit and spices.  The palate is well balanced and full of fruit and spices.
69,Nine al Carnarns Chardonnay 2005,"Nine is a nod to the wines of Bordeaux, the region renowned for fine Chardonnay. Our 2005 Chardonnay has intense aromas and flavors of apple, peach, vanilla and cinnamon. The wine has a rich, creamy mouthfeel with a long finish. 



"
71,Ridgare & Sarmo Urtausecia Caberet Merlot 2009,"This is a deep ruby red wine. The nose is open and

robust with aromas of blackberries, spices,

mulberries, and cassis. The palate is supple and elegant with

a long and elegant finish."
72,Carimia Vines Estate Pinot Noir 2015,"The 2015 Vines Estate Pinot Noir is fruit forward and deeply colored. Notes of cherry, raspberry and strawberry are followed by notes of vanilla and cinnamon. This Pinot Noir is medium bodied with a soft entry, elegant tannins and a long finish."
73,Loui Saint Cote Sta. Ritalli Chardonnay 2012,"The Loui Saint Cote Sta. Ritalli Chardonnay is pale straw with a greenish hue. The nose is delicate and intense with floral notes and citrus blossom. The palate is fresh and balanced, with great fruit and freshness."
74,Onnramer Fort Bellaviat Vineyard Pinot Noir 2014,"Deep ruby in color, this 100% Pinot Noir offers aromas of cherry cola, black tea, and leather. On the palate, flavors of black cherry, black plum, cocoa, and spice are complemented by subtle notes of vanilla and caramel. The tannins are well-integrated, leading to a long, lingering finish."
75,Mictigo Pinot Gris 2013,"Straw-yellow in color, the wine offers delicate aromas of pineapple and passion fruit. On the palate, the wine is fresh, lively and lively.Pair with shellfish, seafood, poultry, pasta in cream sauce and lightly spiced Asian dishes."
76,Actola The Yerom Farin Cotes du Rhone 2014,"The 2014 Farin Cotes du Rhone is a blend of Syrah, Mourvedre, and Grenache. The Syrah is blended from the finest vineyards in the Northern Rhone Valley, and aged in French oak barrels for 12 months. This wine is smooth and delicious, with flavors of blackberries, black pepper, and spice."
77,Jostiums Vineyards Estate Cafbert 2013,"Dark purple-black in color, the 2013 Cafbert has aromas of red cherry, fresh herbs, dark chocolate and aniseed. On the palate, it is rich and full-bodied, with dark fruit flavors and silky tannins, with a long finish. This is a very complex, full-bodied, and balanced wine with great aging potential."
78,Pana Rer Siranas Chardonnay 2013,"This wine has a lovely pale golden color with light green tints. It has aromas of tropical fruits with hints of toasted oak and a creamy creamy vanilla note. It has a full, well-rounded palate with flavors of citrus, tropical fruits and a creamy vanilla note. It has a fresh and long finish.
Enjoy this wine with Thai food, fish, shellfish and cheese."
80,La Vignay Hicca Yamray' Chardonnay 2010,"Pale yellow in color with green highlights, the 2010 Yalumba Chardonnay is intensely aromatic with hints of citrus fruit and citrus. This wine has an excellent structure and a medium-long, persistent finish.



Pair with appetizers, seafood, poultry, and mild to medium-strong cheeses."
81,Barino di Montalchi Vineyard Cabernet Sauvignon 2014,"This wine presents a dark red color with a complex nose of black fruits and cassis. This wine is soft and approachable on the palate, with a long finish.Pair this wine with grilled steak, lamb shank or hearty pasta dishes."
82,64 Hote di Querranto Fabia Gran Riota 2016,"This wine has a brilliant straw color with a greenish hue. On the nose, it has pronounced aromas of flowers and tropical fruits, with a hint of minerality. On the palate, it is fresh and fruity with a well-balanced finish."
83,Bechrons Falino Ranch Syrah 2013,"Falino Ranch is located in the southern part of Santa Barbara County. This wine is made from Syrah grown in the old vineyard vineyards of Bekri Vineyards in the southern part of Santa Barbara County. The vineyard sits at an elevation of 1200 feet above sea level, and is well-drained and rocky, with a high-altitude, high-altitude, sandy loam. The vines are planted in a combination of several different clones: Grenache (35%), Syrah (35%), Mourvdre (10%), and other Rhone varietals. The vineyard is farmed biodynamically, and is certified organic."
86,Zerado Lys Pinot Noir 2017,"The grapes for this wine come from a select section of our estate vineyard on the Russian River. The winery strives for a pure and elegant Pinot Noir from an outstanding vintage. The wines are fermented in stainless steel tanks to preserve the natural fruitiness of the wine and give a soft, lingering finish."
87,Caly Lan Pouitt Spilk Spery Merlot 2002,"A soft, full-bodied wine, with a rich texture and ripe, smooth tannins. 



Pair with beef, pasta dishes, lamb, veal and

poultry.



""""Aromas of fresh cherry, blackberry and spicy oak, with a hint of smoke. A medium-bodied wine with sweet cherry and blackberry fruit, spice and a long, spicy finish. A perfect accompaniment to grilled meats and tomato-based pastas. Best from 2006 through 2015."""" - Wine Spectator"
88,De Pobie Malbec 2008,De Pobie Malbec is a deep red color. It has a beautiful nose with aromas of red and black fruits and spices. The mouth is round and full with a nice long finish.
89,Saints Phila 2017,"The 2017 Saints Phila is a blend of Grenache and Syrah. Grenache is the signature grape in the Northern Rhone, with Syrah the predominant red, while Mourvdre, which gives the wine a unique earthy, earthy, herbal, and meaty flavor."
90,Buillot Nurs Bourgoga Rinanu Pinot Gris 2016,"The bouquet is floral, with a dominance of tropical fruit and grapefruit. On the palate, the wine is dry and elegant with a refreshing acidity and a persistent finish.
Pairs well with all seafood and shellfish, especially those with a cream sauce."
91,Belre Bruno,"The color is deep and the nose is very fresh and fruity with notes of black currant, raspberry, blackberry, and spices. The wine is elegant and elegant, with a good structure and a long finish."
92,Granco Griflie de Vignu Litter Ranch Zinfandel 2011,"The 2011 growing season in Litter Ranch was excellent.  Cool temperatures and a long, warm growing season gave us abundant, richly flavored Zinfandel grapes.  These characteristics, combined with the ideal growing conditions, allowed us to craft a beautifully balanced, well-balanced Zinfandel.  This wine is pale ruby in color with intense aromas of raspberry, spice, and a touch of vanilla.  The palate is full of rich raspberry fruit flavors and rich, smooth tannins."
93,Kinghly Pinot Grigio Malza 2017,"Aromas of tropical fruit, pineapple and white flowers are accented with a hint of lemon zest and spice. On the palate, the wine is rich and full bodied with flavors of ripe pear, melon and citrus. This wine is very versatile with food and will complement a variety of dishes."
94,Calule Cabernet Sauvignon 2003,"The 2003 Calule Cabernet Sauvignon is a dark ruby red color. On the nose, this wine offers dark berry, cassis, cedar, coffee and vanilla. On the palate, the wine has an elegant texture with smooth tannins. The finish is long with a nice touch of oak. 



A great match with grilled steak, roasted pork chops or hamburgers mothered in red wine sauce."
95,Anney Syrah 2013,"The 2013 Syrah has a deep purple color with intense aromas of dark berries and sweet oak. The palate is packed with intense black fruit, dark chocolate and a touch of cedar. The finish is long and persistent with soft tannins."
96,Teruta di Chiantidmo 2013,"This wine has a deep ruby color with garnet reflections. Its aroma is elegant, dry, spicy and fruity with hints of vanilla and blackberry. The taste is full and soft, with well balanced tannins and a long finish.
Pairs well with meat and game dishes."
97,Red Milla Chardonney Clos d' Jesshier Lake 2012,"Fresh and crisp, with a fine bead of crisp white fruit flavors, this wine is a wonderful complement to a variety of seafood and light pasta dishes."
98,Piat Carror Santa Galba 2010,"Bright ruby red. The nose is powerful with blackberry and dark cherry fruit, liquorice and black pepper. On the palate, the wine is rich and full-bodied, with supple tannins.



Enjoy this wine with grilled meats, braised meats and pastas.



Blend: 70% Tempranillo, 20% Mazuelo and 10% Graciano"
99,Li.Lile Ractot Fie Nerlot/Pinot Noir Blouct Costry Montato 2010,"This wine is produced from a vineyard planted in the """"San Calabria"""" area of Mont Tasso, near the medieval town of Rama in northern Tuscany. The vineyard is on a very steep south facing slope, catching sunshine and sun. The soil is poor and clayey, with an iron-rich, clayey layer. This soil gives the wine a strong, spicy character, with characteristic red fruit flavors."
100,Loigbe Robons Hauts Molbyborct Red 2017,"Bright, red-ruby color.  Intense and appealing aromas of red fruits and spices.  Fresh and smooth on the palate, with round, soft tannins. 
Ideal to pair with meat, white meat, cheese and red meats."
102,Urderby La Chardonnay 2012,"This Chardonnay is 100% estate grown. It is made from 100% hand-harvested Chardonnay grapes. The juice is fermented and aged in stainless steel tanks for about 18 months. 



This wine is crisp and clean, with peach and citrus aromas and flavors, a touch of toasty oak and a hint of vanilla. 



The Chardonnay pairs well with salads, seafood, veal, pork and chicken, and with seafood and poultry. It also pairs well with light cheeses."
103,Chateau d'Cero Chianti Clessano del Valca Rose of Winera 2011,"Chianti Clessano del Valca Rose is a brilliant rose with copper reflections. The bouquet is intense, fruity and complex with notes of red fruits and delicate hints of spice. On the palate, it is dry and well-balanced with a persistent finish.Blend: 90% Sangiovese, 10% Merlot"
105,Tallat Oleterv Vineyard Zinferamegt Pinot Noir 2014,"The 2014 Oleterv Vineyard Zinferamegt is rich, complex and full-bodied with intense aromas of black cherry, blueberry, spice, and dark chocolate. On the palate, it is a richly textured wine with velvety tannins, good acidity, and a long finish."
106,Cartiabri Estate T'Erranza 2011,"This is a dense, dense, and opulent wine that is packed with layers of dark fruit, licorice, cedar, and spice. A solid core of intense, spicy fruit and well-integrated oak flavors gives this wine a very long, persistent finish."
108,Prigh Sauvignon Blanc 2004,"Aromas of citrus, gooseberry, melon, and a hint of flint add depth to this crisp, fruit-driven wine. A touch of minerality adds depth to the lively citrus and gooseberry flavors. The texture is bright and lively, with a nice, fresh finish.""""

-Wine Enthusiast"
110,Choubite Freit Mura Gamane 2013,"This Gamane is the signature white wine of the Loire region. This wine is 100% Gamay from Freit Mura, sourced from vineyards throughout the region. Aged in neutral oak for 18 months and then aged in a combination of French and American oak barrels.
Blend: 60% Gamay, 40% Clairette"
111,Kuhll√©n Pinot Grigio 2014,Straw yellow in color with a pleasant bouquet of ripe fruit. The flavors are fresh and pleasantly fruity with hints of apple and pear.
112,Wamiiu Maysand Soroma Coont Gardre Labrur Gard Vintt Zinfandel 2005,"This wine has a deep red color with blackberry and red cherry characters. The nose is layered with cinnamon, clove,

and cloves, while the palate is full of dark berry fruit and cinnamon spice. The wine has a smooth, soft finish with hints of

oak.



This wine is a fantastic complement to many dishes. Try it with spicy

and savory meat dishes like beef tenderloin, duck

with a white pepper polenta, or with creamy

dairy, mushroom risotto."
116,Boaui Illakij Comtant Mountainay Pinot Noir 2014,"Intense red color with a purple hue. Aromas of red fruits, strawberries and cherries. Juicy red fruits, red and black fruits, cherry, cassis, plum and vanilla. Soft, rounded tannins, good acidity, medium body."
117,Ca'Di Liota Inno 2015,"The color is deep ruby red with purple hues.  The nose is intense and complex with hints of cherry, blackberry, plum and blackberry. The palate is soft, structured, smooth, and long with notes of plum, blackberry, plum, blackberry and blackberry. 
This wine is ideal with beef or pork, game, medium-strong cheeses, and aged hard cheeses."
118,Minza Land Pinot Noir 2013,"Luscious, silky, and seductive, with aromas of ripe plum, wild black cherry, rose petal, and cocoa powder. On the palate, rich flavors of blackberry, dark cherry, and earthy spice are framed by supple tannins and a subtle hint of toasted oak. 
This is an approachable, approachable Pinot Noir with a lingering finish."
119,Greaz Winca Chardonnay 2018,"The 2018 growing season was characterized by a long, cool growing season, and was characterized by an even and balanced growing season. The grapes ripened slowly and evenly, resulting in a wine with pronounced aromas of lemon, pineapple, green apple, and citrus. This wine has a full, rich mouthfeel, and a long, crisp finish."
120,Herrach Vineyards Dry Creek Pinot Noir 2011,"The 2011 Herrach Vineyards Dry Creek Pinot Noir is rich and deep. It is ripe, complex and concentrated with an abundance of black fruit, cherry, plum, and spice flavors. Its velvety texture and smooth tannins create a well-rounded wine with a long finish."
122,La Calenmainu Cabernet Sauvignon 2013,"The La Calenmainu Cabernet Sauvignon is sourced from a combination of hillside and valley floor vineyards. The soil is mostly clay with a high proportion of iron. The blend is composed of 79% Cabernet Sauvignon, 19% Merlot, 4% Cabernet Franc, 3% Petit Verdot and 1% Malbec."
123,Troff Sprier Pinot Grigio di Altanio 2012,"A brilliant straw yellow color with greenish reflections. Fresh and aromatic with intense notes of tropical fruits, citrus and a hint of white flowers. On the palate, it is dry, full bodied and well balanced.



It pairs well with all kinds of fish and white meats, and as an aperitif."
124,Ert Oarlez Chardonnay 2010,"The 2010 Ert Oarlez Chardonnay is a full, rich and intense white wine. It shows ripe fruit aromas of peach, nectarine, pineapple and guava, complemented by notes of honeysuckle and citrus zest. The palate is full, rich and concentrated with beautiful acidity and great depth.
Blend: 100% Chardonnay"
125,Rambrigios de Boido Roch Chardonnay (375ML ha Sirgia 2014,"Rambrigios de Boido Chardonnay is a brilliant yellow color with greenish highlights, with subtle aromas of white flowers and a hint of tropical fruit. It has a fresh, crisp taste with a clean, clean finish.
Pairs well with seafood, especially oysters and crayfish, as well as mild, creamy cheeses."
126,Santa Carmons Prittier's Classistion Riesling 2013,"Santa Carmons Prittier's Classistion Riesling is straw yellow in color with green reflections. The wine has delicate floral and fruity aromas, with notes of white flowers, peach and apple. The palate is fresh, with good balance between acidity and alcohol. It is fresh, lively and full-bodied.
Pair with fresh shellfish, oysters, fish, salads, grilled vegetables, sushi, Asian cuisine and Asian cuisine."
128,Josgh & Donievu Nomahrid Pinot Noir 2016,"Cherry red in color with bright violet hues. The nose is fresh and fragrant with fresh, spicy and balsamic notes. The palate is full and elegant with round and silky tannins.
This wine pairs well with meats, pork, poultry and mild cheeses."
130,Chabli Cabernet Sauvignon 2004,"Varietal Content: 91% Cabernet Sauvignon, 4% Petit Verdot



The Cabernet Sauvignon is a full-bodied wine with soft tannins and concentrated flavors of currant, black cherry and cassis. It is an excellent accompaniment to grilled steak, lamb chops or roasted turkey.



""""A blend of 90% Cabernet Sauvignon, 8% Petit Verdot, and 2% Malbec. It is a deep ruby-colored, concentrated wine with aromas of black currant, cassis, spice, and earth. Full-bodied and velvety, with loads of ripe fruit and sweet tannins that finish with a long, smooth finish.""""

- 

Wine Spectator

93 Points"
132,Leemee Chian Red 2008,"The color is a deep red with purple edges. The nose offers an attractive, fruity

appellation of plums and black currant, together with

vanilla and roasted coffee. The palate is lively, fresh, ripe and supple, with

fruity, spicy flavors of cherry and blackcurrant. The finish is

deliciously long and leaves the palate with a refreshing

lingering aftertaste."
133,Bouth Vi Shianti Coscal 5000 (Hoff houk Sinbers Bute d'Aine Red 2008,"The color is an intense ruby red. The nose is powerful and intense, dominated by aromas of black fruits (blackcurrants, blackberries) and spicy notes (cinnamon, cloves, cloves, and sweet tobacco). The palate is full, warm, warm, and well-balanced, with an elegant structure. The finish is long and very persistent."
134,Catlarc Luc Chardonnay (375ML half-bottle) 2012,"The 2012 Catlarc Chardonnay has a golden yellow hue. The aromas are bright and appealing, with aromas of ripe yellow fruits, green apples, and a hint of minerality. The palate is very fresh, with nice acidity and a medium body, with a long finish. 
Pair this wine with a fresh lobster bisque, or with a white fish and goat cheese."
135,Estancia Petit Terridobi 2012,"Estancia Petit Terridobi is an elegant wine with an intense, bright ruby color and aromas of black cherry, cassis, blackberry, and blueberry. On the palate, this wine is rich, concentrated, and supple, with flavors of plum, blueberry, and hints of dark chocolate. It has a long finish of ripe tannins and a velvety texture.
Blend: 95% Petit Terredobi, 5% Malbec"
136,Chateau Spais Cabernet Sauvignon 2015,"The 2015 Chateau Spais Cabernet Sauvignon shows a deep ruby color. It has a complex nose of red and black fruits, licorice and chocolate. On the palate, it is full-bodied, round and fleshy with a very long finish."
137,Harlain Zinfandel 2002,"Number 43 on the Wine.com 100 of 2007!The name is a tribute to the first American plantings on our estate in the 1800's. The word """"Zinfandel"""" was actually the root of """"The Mountains"""" and, at that time, """"The Harlain family"""" was a local term for the area where the vineyards grow. The first commercial plantings on our property came from the 1880's.



Our Zinfandel is dark purple in color, and has an aroma of jammy blackberry jam, with hints of chocolate, vanilla and toasty oak.



The wine is full-bodied with rich, concentrated flavors of ripe, blackberry jam, with notes of spice and pepper. The ripe, round tannins give it a smooth mouthfeel and a long finish.



"
138,Dyom Judine Pinot Noir 2016,"The 2016 Judine Pinot Noir opens with a subtle aroma of cherry and ripe plum. The palate is juicy and juicy, with a lively acidity and a hint of minerality."
139,Domaine Reanla Calrec de Prapalatte 2016,"The wine is intense ruby red in color, with a bouquet of small red fruits, particularly cherries and plums. The wine is round, with a pleasant and slightly bitter aftertaste."
140,Lour Saitt & Selech Corlumine Girent Carnerosta Chiagnos 2008,"#97 Wine Spectator Top 100 of 2009

The color is deep and dark with an intense and complex bouquet. On the palate the wine has a very good structure with a solid structure and a long and persistent finish. This wine will continue to improve and develop in the bottle for the next 5 to 10 years.



Aromas of licorice, cloves and cherries lead to a full-bodied palate with silky tannins and a long finish."
141,Irgey Wald Cellars Chardonnay 2013,"The 2013 Chardonnay is a bright golden straw color. It opens with aromas of peach, pineapple and lemon. The entry is bright with flavors of green apple and white nectarine. The finish is clean and crisp with notes of sweet oak and toast.



This is a medium-bodied wine that is elegant and delicious. Aromas of pear, apple and vanilla are accented by a subtle note of oak and spice. The palate is rich and creamy, with a soft entry and a lingering finish."
142,Hondas Dusira Bru 2017,"Dusira is a unique blend of 80% Grenache, 10% Syrah and 10% Mourvedre. The grapes were harvested at optimum ripeness, at the peak of ripeness. 
Aromas of blackberries, plums and cherries. A rich palate with sweet tannins and a long finish."
143,Castmascien Chardonnay 2010,"This wine displays bright green and gold hues. Aromas of tropical fruit, pear and citrus are followed by subtle nuances of vanilla and spice from barrel fermentation and aging in French and American oak. On the palate, the wine is rich and creamy with a full, creamy texture, a long, balanced finish.

Pair this wine with seafood, poultry, veal and pork, or a creamy cheeseburger."
146,Chalken Hills Pinot Noir 2015,"The 2015 Chalken Hills Pinot Noir offers a very elegant expression of our vineyard site. An explosion of black cherry and raspberry aromas leads to a palate of ripe cherry and hints of anise. Balanced acidity and soft tannins make this wine a perfect match for grilled meats, lamb, and pork. 
Blend: 100% Pinot Noir"
147,Je Marton County Pinot Gris Rieslignin 1983,"This medium bodied wine has aromas of honeydew melon, lemon curd, peach and tangerine. The mouth is round and medium bodied with flavors of apple, melon and peach. This wine is ready to drink now, but has the potential to age for five years. This Pinot Gris is a great food wine. Try it with salads, light seafood and pork dishes."
149,Siccerla Estate Pinot Noir 2009,"Siccerla Estate Pinot Noir has aromas of fresh cherry, dried rose petal, dried flowers, earth and vanilla. On the palate, the wine is rich, layered and complex with flavors of dried cherry, dried herbs, dried cranberries, dried flowers, dried cranberries, and dried herbs.

This Pinot Noir is elegant with a silky texture and flavors of fresh cherries, dried herbs, dried cranberries and dried herbs.



SIP Certified"
150,Marcha Cellaak Horutt Ridge Shirin 2008,"This wine is deep, rich and full bodied with aromas of blackberry, chocolate and spice, all wrapped in soft tannins."
151,Bexhel Cellars Merlot 2017,"Our Merlot opens with aromas of black cherry, plum, and a touch of cinnamon. The flavors are filled with flavors of black cherry, plum, and a touch of cinnamon. The wine is well balanced with supple tannins, balanced acidity, and a long, persistent finish.
Blend: 91% Merlot, 7% Cabernet Sauvignon, 2% Malbec, 1% Petit Verdot"
152,Villa No. Chardonnay 2007,"This Chardonnay exhibits a rich and intense aroma of citrus, pineapple and toasted nuts. On the palate, the wine shows a beautiful balance between acidity and richness, with flavors of ripe tropical fruit, pineapple and pineapple that linger on the finish. 



This is a crisp, fresh wine, with flavors of pineapple,

pineapple, and toasted nuts. A great match for seafood dishes and mild cheeses."
153,St. Chevutaiv Gewurzut Hermitan Blyst Del Ferm Reserve Syrah 2011,This wine is a blend of syrah from various vineyards in the village of Gewurztraminer in the village of Nemea. It shows a deep ruby color with an aroma of mature fruits. The palate is full and rich with a great length and a touch of spicy fruit.
154,Gamillouw Mantino Sabignan 2015,"Mantino Sabignan is a very complex and powerful wine, offering intense aromas of black fruits and exotic spices. The mouth is smooth and harmonious, with great structure and balance, and a long finish.
Pair with grilled meats, poultry, or spicy dishes."
155,Chateau Houphe Pinot Noir 2014,"The 2014 Chateau Houphe Pinot Noir has beautiful, dark fruit flavors with a rich, creamy texture. The silky texture is balanced with hints of vanilla and a long, satisfying finish."
157,Terra d'Att Berin La Merlot 2009,"The Terra d'Att Berin La Merlot is deep purple in color. On the nose, aromas of ripe blackberries, blackberries, black pepper, licorice, spices and licorice. This wine is very well structured with an excellent tannic structure. The mouth feel is medium bodied with a well-balanced acidity. The finish is long with hints of spice and black pepper."
158,Ferrari Carnaris Cabernet Sauvignon 2012,"This Cabernet Sauvignon is deep and dark with a dark ruby rim. The nose is filled with blackberry, black currant and cassis. The entry is round and plush, with flavors of ripe berry, chocolate and cedar. The mid-palate is ample with soft tannins and a long finish.



The wine's full-bodied flavor profile will pair well with richly flavored foods such as barbecued meats and wild game."
159,Niccoachard Nampon Vine Zinfandel 2008,"Our 2008 Napa Valley Zinfandel has a dense, dark ruby color. On the nose, intense notes of blackberries and black cherries mingle with hints of cedar, pepper and vanilla. On the palate, this wine is full-bodied with dense flavors of black cherries and black plums with a long, velvety finish.



Blend: 85% Zinfandel, 9% Petite Sirah, 5% Carignane, 5% Syrah"
160,Loce Sonder Sile Blanc 2001,"Varietals: Sauvignon Blanc (85%), Smillon (15%), Muscadelle (5%) 

Description: Light straw yellow color.



Aroma: Complex, fruity and floral.



Taste: Fresh, fruity with a good acidity and balanced structure.



Serving suggestions: A great aperitif or with seafood, fish and shellfish.



"
161,Traffsting Estate Tayre Blanc 2017,"This 2017 Tayre Blanc is a delicate wine with aromas of citrus, melon and green apple. The palate is balanced with an attractive mineral edge. The wine has good length and a good acidity. This is a very food-friendly wine, ideal as an aperitif."
162,Budewa Misora Cuvevis Giand Premars Vineyard Pinot Noir 2004,"The 2004 Pinot Noir Misora Cuvevis Giand Premars Vineyard is a dense ruby-purple color, and displays aromas of sweet cherry, pomegranate, and cinnamon, and a whiff of earthiness. This opaque, full-bodied wine offers a sweet, sweet attack, good body, and excellent balance, and a long, full finish. Anticipated maturity: 2009-2011."""" - Wine Advocate"
164,Jambert FMich Famps Puntermos Gran Reserva 1195ML Soaut Chardonnay 1998,"Jambert FMich Famps Pinot Noir is a deep red color with ruby highlights.  The nose is powerful, full-bodied and complex, with aromas of ripe fruits and spicy notes.  The mouth is round, soft and complex, with excellent concentration and concentration."
165,Froza bancari Caviana Brunello di Montalcino 2014,"Ruby red in color with an intense and persistent bouquet of berries, spices and licorice. Full bodied and balanced with soft tannins and a persistent finish.
Pair with red meats and aged cheeses."
167,Jean-Parochmice Roisso 2013,"Aged in barriques and tonneaux for 18 months, Roisso is produced from grapes of extraordinary quality. It is a brilliant ruby red colour, very intense on the nose with aromas of red fruits, such as blackcurrant, and blueberry. On the palate, the wine is round, soft, and elegant, with a fruity aftertaste."
168,Merbera di Gvarco 2015,"The 2015 Merbera di Gvarco is a dense purple-red with violet nuances. Intense aromas of cherry, plum and wild berry fruit with a hint of spicy vanilla, complemented by hints of wood smoke and mint. The wine is medium bodied with ripe fruit flavors and a supple, elegant structure."
169,Dmoin Wincer - Vineyard Zinfagne 2007,"Winemaker David Hook (from the famed """"Winemaker Vineyard"""") likes to call this wine """"the ultimate sipping wine.""""  He makes a case for bigger Zinfandels, as well as bigger """"old-vine"""" Zinfandels.  His """"Winemaker Vineyard"""" Zin is a proprietary blend of two grape varietals, one from the """"Old Vine"""" and the """"New World.""""  The """"New World"""" Zinfandel is full of character and individuality.  As always, this wine is not meant to be consumed over the next 2-3 years.  Instead, we suggest enjoying it with your favorite Italian food, especially those with the """"New World"" flavors and aromas of Zinfandel."
171,MorLante Marra Pinot Noir 2011,"Intense ruby red with violet hues.

Aromas of red fruits, cherry,

blackberry, red currant and cassis. This is

a wine with a medium body and a silky texture.

This wine pairs perfectly with any grilled meat, roast

poultry or grilled vegetables."
173,Imaharken Saint-Jass Terrestion 2005,"This is a """"terreste"""" wine that can be enjoyed young but will also age for 10-15 years. The """"terreste"""" (or """"ferment"""" of the vines) is located in the northern part of the village of Saint-Jass. This wine is made from fruit from a mixture of soils and microclimates.



The color is a deep, dark red. The nose shows aromas of ripe black cherries, plums and spices. On the palate, the wine is full-bodied and shows the intensity of the terroir. This wine will benefit from decanting.



Food pairings: Roast leg of lamb with a bit of pepper"
174,Luna Vapa Cariccion Cardagne Yland Cries 2015,"Aromas of white flowers, apples and pears. On the palate, flavors of ripe apricot and fresh lemon peel.
This wine is a great match with smoked salmon and lightly sauced meats."
175,Corath Carrer Criek Valley-Vineyars Rose 2016,"Crisp and refreshing, this wine is made to be enjoyed with light appetizers, salads, or on its own as an aperitif."
177,Achelra Doula Chianti Crassiget Vines Vinaylay 1996,"Doula is a tiny village of about one hectare on the steepest slopes of the village. The vineyard is the oldest in the district, planted with an old clone of Chianti (also called Crassiget).  The soil is clayey, shallow and sandy with a clayey-like composition.  The wine is vinified in stainless steel tanks at an average temperature of 28C.  The wine has a good color with a spicy, fruity bouquet and a fresh, pleasant finish."
178,Chateau Serectia Loupe Greghau Rose 2017,"The color is deep pink with a luminous and brilliant salmon hue. Aromas of red fruit, strawberry and raspberry dominate. The palate is fresh and fruity with notes of raspberry, cherry and strawberry."
179,Shroeva Hautss Sauvignon Blanc 2014,"This Sauvignon Blanc is crisp and refreshing with bright acidity and flavors of ripe pineapple and stone fruit, with a touch of grassiness."
183,Kema Caverni Aglionta 2016,Garnet red color. On the nose it is intense and complex with hints of red fruits and spices. On the palate it is full and rich with notes of ripe blackberries and black currants.
184,Dockari Cabernet Sauvignon 2013,"The 2013 growing season was one of the longest and coolest in recent years. This Cabernet Sauvignon exhibits aromas of blackberry, cassis, cedar, vanilla, black tea, and graphite. On the palate, it is rich, with dark, ripe fruit, and a firm structure that allows it to age gracefully."
186,Erissetti,"Erissetti Vineyards is a partnership between winemaker Michael Terrien, owner of Erissetti Vineyards and winemaker Tomi DiGiulio. Michael first planted the Pinot Noir in California in 1977. The resulting wine has an intense garnet color with aromas of ripe black cherries and spice. On the palate, the wine has a silky mouthfeel with flavors of dark berries and spice. The flavors of ripe black cherries, spice and chocolate are complemented by a supple, smooth finish."
187,Mins Amanolao 2018,"This wine is ruby red in color. Its bouquet is clean, elegant and fruity with notes of blackcurrant, blackberry, and plum. It is well balanced with soft tannins and a long finish."
188,Bear Bigher Trois Actoure 2016,"Bigher Trois has a bright ruby color. The nose is inviting with ripe, dark cherry and blackberry fruit. The palate is smooth and supple, with juicy, dark fruit flavors. The finish is long and lingering, with ripe tannins.
Blend: 75% Cabernet Sauvignon, 15% Merlot, 5% Petit Verdot, 5% Cabernet Franc, 5% Malbec"
189,Burterin Verdem Estato Chardonnay Sauvia 2012,"Burterin Verdem Estato is a very pleasant and fresh wine. It is crisp and very aromatic with peach and grapefruit notes. It has a long, persistent finish."
190,St. Sulevin 120 Pinot Grigio 2001,"Color: Pale straw with green highlights. Bouquet: Fresh and fruity with hints of pear and apple. Taste: Well-balanced with a pleasant dry finish.



Serve chilled as an aperitif, or with seafood dishes and fish dishes."
191,Rew Avich Merlot 2007,"The 2007 Merlot was aged for 12 months in French oak.  The wine is deep ruby in color with a complex nose of black cherry, raspberry and sweet oak.  The flavors are concentrated and concentrated with soft, round tannins.  The wine has a long, rich finish."
193,Riam & Lid Estate Famry Cabernet Sauvignon 2005,"The 2005 Famry displays a beautiful ruby color with aromas of cassis, dark cherry, cedar and tobacco. On the palate, the wine is full-bodied and rich, with dark cherry and spice flavors. The wine is balanced with supple tannins and hints of chocolate and spice.



Blend: 89% Cabernet Sauvignon, 8% Merlot, 1% Cabernet Franc"
195,Castacion Ranta Randung Ambariniz Puligno 2011,"Ambariniz is one of the oldest and most prestigious white wines in Spain, making it the most widely planted grape in the country. It has long been recognized for producing quality wines of excellent quality."
196,Vineyard Sese l'Ories Shiraz 2017,"#34 Wine Enthusiast Top 100 Wines of 2019
This medium bodied Shiraz displays a juicy core of plum and cherry fruit. Ripe tannins and a persistent finish make this wine a perfect match for grilled meat, pasta dishes and even spicy Asian cuisine."
197,Chateau de Elay Gish White Pinot Noir 2010,"This is the perfect white wine to pair with your most ambitious cuisine: from grilled seafood to chicken or crab to pork and fish, to light dishes and creamy sauces."
198,Brake Thamiff Wine Latin' Ex Viognier 2005,"The grape variety Viognier produces is the king of white wines, producing wines of extraordinary character and personality. The vineyards are located in the coolest regions of the country, and the grapes are hand-picked. The wine is fermented and aged in tank for 12 months. The wine is then matured in the finest French oak barrels for a further 12 months.The 2005 Viognier is the result of a rigorous selection of the best grapes from the best vineyards in the Rhne Valley. The Viognier grapes are hand-harvested and hand-sorted before being placed in stainless steel tanks."
200,J. Loh Bex 2009,"The J. Loh Bex features

a blend of grapes from several of the California appellations. The wine is

concentrated with flavors of black cherry, blueberry, and

pepper. It has a pleasing mouth feel

with fine tannins and a long, satisfying finish."
201,Brunchru Shirazs 2016,"Deep purple in color, the 2016 Brunchru Shiraz is a very expressive wine with aromas of black cherries, plums and spice, with hints of chocolate and tobacco leaf. It has a full palate with rich dark fruits and a full mouth feel."
202,Beinzard Lacanny Sur Blanc Reserle (1.5 Liter Magnum) 2014,"Pale yellow with greenish glints. Very clean and persistent with fine aromas of yellow fruits and citrus (peach, apricot). Well balanced, fresh, elegant and floral with a fine balance between alcohol and acidity."
204,Pdiscily Rach The Taylus Prem 2014,"The Taylus Prem is a blend of wines from different vineyards that contribute to the structure and length of the wine. The wines from the northern part of the Russian River Valley and the southern part of the Russian River Valley combine to produce a wine with structure, complexity and fullness."
205,Cuppina Cellico Chardonnay 2015,"Cuppina Cellico Chardonnay is straw-yellow in color. On the nose, it has aromas of white peach, tropical fruits, banana, and a touch of butter. On the palate, it is full-bodied, with notes of vanilla and toasted oak."
206,Loue Merlot 2013,"This Merlot is a soft and medium-bodied wine with bright, fruity aromas and flavors of ripe blackberry, raspberry, and cherry. The soft tannins and vibrant acidity make it an ideal food-friendly wine.
Try pairing with grilled meats and hearty pastas."
207,Fron Branci Pinon Sauvignon Blanc 2016,"This wine shows a bright straw color with aromas of fresh cut pear, citrus zest, and a hint of herbaceousness. This wine has a crisp, medium-bodied palate with flavors of ripe citrus, tropical fruit, and notes of minerality. It pairs well with sushi, Asian cuisine, seafood, poultry, pork, and mild cheeses."
209,L'Ecoul Pitter Din 60 Vineyard Estate Pinot Noir 2012,"The 2012 vintage produced a Pritchard Hill bottling of Pinot Noir with lovely floral notes of rose and violets. The aromatics of the 2012 Pinot Noir are reminiscent of spring and raspberries. With mouthwatering acidity and a long, refreshing finish, this wine is delicious paired with a wide range of foods."
210,Yalutbiugion Barolo di Anglevla 2014,"A rich garnet red. Elegant and intense bouquet with scents of roses, licorice and spices. Smooth and velvety, it has a long, intense finish.
Pair with red meat, stew, lamb, game, cheeses."
211,Mine Bech Rowurtom Cabernet Sauvignon 2012,"A beautiful ruby color. Dense aromas of cassis, cherry and berry fruit. A silky entry leads to a palate with rich fruit and a hint of oak."
213,Senenzo Cirazzro Rido 2011,"A wine with a lively ruby color, Cirazzro Rido offers intense aromas of red and black fruit, with notes of toasted oak, cinnamon and nutmeg. On the palate, the wine is fresh and supple, with ripe tannins and a long finish. 



A perfect match for red meats, pizza, and flavorful cheeses."
215,Geyser Sonoma Coast Cabernet Sauvignon 2016,"Aromas of boysenberry, black cherry, and currant fill the glass. Rich notes of espresso and mocha tantalize the palate.  Vibrant flavors of blackberry, cassis, and cedar are balanced with supple tannins for a long, satisfying finish."
216,Betzs Selia Nori Chardonnay 2014,"The Selia Nori Chardonnay is a pale straw color. The aromas are intense and complex with hints of tropical fruit such as mango, papaya, papaya, papaya and pineapple, with hints of fresh nuts. The wine is well-balanced with a creamy texture, with a long and lingering finish. The wine is excellent paired with light fish dishes, shellfish, seafood and cheeses."
217,Doun St. Sckrian Bianch Petitti Estate Barres de Villamergia Reserva 2007,"The grapes are grown on the """"Riserva"""" of the """"Alicante"""", """"Novello"""" and """"Bruna Pago"""" vineyards. It is vinified """"as"""" in the """"Bruna Pago"""" to give the wine a unique character. It is matured for 15 months in French oak barrels and then bottled."
218,La Cate  Vindage Proobel 1995,"#90 Wine Spectator Top 100 of 1996 



""""Ruby red. An intense nose of crushed black fruit, sweet spices, and licorice. Juicy and voluptuous in the mouth, with a nice finish. Drink now through 2000.""""-Wine Spectator"
220,Rimpl Merlot 1999,"This wine offers up black cherry and plum aromas, with a hint of smoke. The rich, velvety texture is complemented by the classic berry flavors and vanilla overtones typical of Merlot. It is medium-bodied, with soft, sweet tannins and a long, elegant finish. It will continue to improve over the next 5 to 10 years."
221,Valau Pembar Cabernet Sauvignon 2011,"Valau Pembar Cabernet Sauvignon is a lush and elegant wine with aromas of blackberry, cassis and cassis with hints of vanilla. The full-bodied palate shows flavors of black currant, blackberry and plum with a touch of oak spice. The wine is lush and round with soft tannins and a long finish."
222,Pyot Napa Valley Estate Santine Costergo 2016,"A blend of Malbec and Cabernet Sauvignon, the Santine Costergo offers generous fruit flavors of blueberry and black cherry, framed by delicate notes of smoke and spice. The wine is aged in French oak barrels for 24 months and is ready to drink upon release."
223,Mont Bindow AlNis Bastade Pas Vinnag 2017,"This wine is a complex and rich wine with aromas of ripe black fruits, floral notes and a touch of spicy woodiness. It is soft and well balanced on the palate, with a long, persistent finish."
224,Vonwada Sanglio Pino Daino 2002,"Wine Spectator Top 100 of 2004!



""""The 2002 Sangio d'Asti Pino Daino is a 100% Sangiovese-based blend of 70% Sangiovese and 30% Merlot. The wine is dark ruby in color with an aroma of ripe fruit and earthy tones. Medium to full-bodied, with ripe tannins and a long finish. It should drink well for 6-8 years.""""-Wine Advocate


The Sangiovese grape is widely planted in Italy and Central Italy. It is the key grape in Sangiovese, and its important role in the production of superior red wines. Winemaker Alejandro Fernandez has chosen Sangiovese for his Sangiovese for his reds because of its versatility. In addition, he uses the same winemaking techniques that traditional reds use for Sangiovese, including barrel fermentation, aging, and bottling. The resulting wine is full-bodied, rich and velvety, with aromas of raspberry, currant, and raspberry, followed by flavors of cherry, cranberry, and spice, with a medium body and a long"
225,Cakes de Sum Lader Priver Chardonnay 2006,"The 2006 Priver Chardonnay was fermented in a combination of new and used French oak barrels and older American oak barrels. It is crisp, with good acidity, and a long, lingering finish. It is a delicious example of the benefits of barrel aging and the quality of fruit."
226,Chateau Pad Clie Wolthe Estate Sautigny 2010,"The wine is full of deep red and black fruit aromas, such as blackcurrant, blackberry and cherry. The flavors are full and rich with notes of blackcurrant, blackberry and cherry, and are complemented by vanilla and a hint of liquorice. The finish is long and elegant. Blend: 100% Sauvignon Blanc"
229,Amati Barbil Reserva Taulente 2015,"Ruby red in color with garnet hues. The nose is intense, complex and persistent, with notes of mature fruit and a hint of vanilla. On the palate, it is well-balanced, elegant and velvety. The tannins are well integrated, with the structure of the wine. This is a complex and structured wine, with a long finish."
230,Louis Lay-La Later Cabernet Sauvignon 1985,"A blend of 80% Cabernet Sauvignon and 20% Merlot.  The result is a classically structured, deeply colored, powerful Cabernet that will continue to evolve for the next 20-30 years.



Color: Deep red



Bouquet: Ripe berry fruit, cassis and mint



Taste: Well-balanced, with firm, supple tannins and an intriguing hint of licorice and mint.



Serving suggestions: The wine will continue to improve for the next 10 years."
231,Tryabbo Starowarman Pinot Grigio 2008,"This Pinot Grigio has a crisp, straw color and aromas of pears, apples and tropical fruits. It is a crisp, refreshing wine that will pair well with a variety of foods including pasta and risotto, seafood, sushi and other Asian dishes. 



"
232,Deili Primie Petitson Pinot Noir 1999,"Deili Primie Petitson is an intense ruby red color. It has a good intensity of cherry and plum aromas with spicy notes of pepper, clove and vanilla. On the palate it is soft and elegant, with flavors of cherry and plum, with spicy notes of pepper, clove and vanilla."
233,Colane Bead 2016,"The nose opens with aromas of dark cherry and chocolate, supported by hints of clove and vanilla. The palate is medium bodied with soft tannins and a lingering finish.This wine pairs perfectly with most anything off the grill.Blend: 100% Syrah"
234,Meran Findson Wine Cosat Vintagage Pinot Noir 2013,"The 2013 Cosat Vintagage Pinot Noir is a deep red color with a bouquet of red fruits and wild flowers. A delicate, delicate and round wine, the flavors of red fruits and wild flowers come together in a silky and very elegant style."
235,Lan-Beauver Pinot Noir 2010,"Loan-Beauver's winemaking philosophy is to produce a wine with both a beautiful and delicate character. The nose is very aromatic, with a hint of blackberry and red cherry. The palate is rich and full-bodied, with a beautiful combination of acidity and fruitiness. The finish is long and elegant."
236,Atth Winery Sauvignon Blanc 2014,"The 2014 vintage started off very dry and rainy, but ended up producing some of the best grapes in recent years. The 2014 Sauvignon Blanc has a lovely yellow-green color with greenish reflections. The nose is floral with hints of ripe tropical fruits such as pineapple, papaya and mango. In the mouth, it is dry, fresh and crisp, with a touch of minerality."
