Joseph Carr Reveliste Cinsault 2013 ,0.7
Carol Shelton Roche TBredi 2016 ,0.696969696969697
Finca Bolgheri Pinot Grigio 2018 ,0.7666666666666667
Domaine de Cristict Chardonnay 2016 ,0.8421052631578947
Domaine Dujac Fils &amp; Pere Chambolle Rouge 2013 ,0.732824427480916
Tenuta Sant'Antonio Barolo Cannubi (1.5 Liter Magnum) 2015 ,0.7652173913043478
Cavit Alta Luna Pinot Noir 2016 ,0.8484848484848485
Philipponnat Royale Reserve 2007 ,0.8787878787878788
Bodegas Lan Culmenet Chardonnay 2017 ,0.7419354838709677
Neil Ellis Groeniel Rose ,0.5957446808510638
Domaine le Couroulu Chigny Tufferster Altenberg Grand Cru 2014 ,0.6101694915254238
Chateau Corbin (Futures Pre-Sale) 2016 ,1.0
Belle Ambiance Rose 2016 ,0.8148148148148148
Domaine Combier Centenairel Savigny Les Beaune Blanc 2015 ,0.8288288288288288
Kunde Century Vines Zinfandel 2016 ,0.8717948717948718
Blue Rock Beckstoffer To Kalon Cabernet Sauvignon 2001 ,0.8623853211009175
Terredore Estate GSM 2017 ,0.7058823529411765
Domaine Comtesse de lubius Oloroso Sherry ,0.5813953488372093
Vina Cobos Bramare Uconaneve Vineyard Zinfandel 2015 ,0.7676767676767676
MELI Dueno di Arcana Colchegliano 2016 ,0.6842105263157895
Benjamin Romeo Con Hermouth Rouge (1.5 Liter Magnum) 2015 ,0.6846846846846847
Lavau Charlotte 2015 ,0.75
Frog's Leap Pink 2015 ,0.9545454545454546
Peay Vineyards Fairyne Pinot Noir 2014 ,0.8235294117647058
Catena Gavi Blanc 2013 ,0.7450980392156863
Candoni Prosecco Brut ,0.8717948717948718
Chasseur Sauvignon Blanc 2017 ,0.8771929824561403
Sklmann Vineyards Estate Zinfandel 2012 ,0.8333333333333334
Domaine Joseph Kanitieres 2015 ,0.7017543859649122
Villa Portuga Pinot Noir 2016 ,0.8421052631578947
VieVie de Urzain Old Vine Grenache 2014 ,0.7142857142857143
WildAire Open Claim Vineyard Cabernet Sauvignon 2014 ,0.8163265306122449
Klein Constantia Sauvignon Blanc 2016 ,1.0
Estancia Reserve Meritage Reserve Merlot 2013 ,0.8148148148148148
Fullerton Wines Pinot Noir/Tand Mochine (375ML half-bottle) 2015 ,0.7610619469026548
Sacred Hill Chardonnay 2016 ,0.9642857142857143
Swerch Vineyards Estate Pinot Noir 2016 ,0.85
Stolpman Vineyards Hillt Pinot Noir 2017 ,0.8205128205128205
Chateau Belgrave 2015 ,1.0
Poema Cava Brut 2014 ,0.8648648648648649
Bouchard Perer White Blend 2015 ,0.6785714285714286
Weingut Hills Reserve Pinot Noir 2016 ,0.8266666666666667
Bodegas Tradicion Oakville Cabernet Franc 2015 ,0.7692307692307693
Chateau des Jugues Premier Cru 2015 ,0.717391304347826
Val de Meursault Chinon 2016 ,0.6428571428571429
No Curfew by Amici Cabernet Sauvignon 2016 ,0.9767441860465116
Bindi Winegrowers Envesport Cuvee Chardonnay 2015 ,0.7291666666666666
Badia a Coltibuono Cetamura Pinot Noir 2012 ,0.8705882352941177
Cirleg Los Cantourie du Pere White Blend 2017 ,0.6352941176470588
Carro Tinto 2014 ,0.9411764705882353
Cass Winery Backbone Syrah 2016 ,0.96875
Bacon Central Coast Reserve Cabernet Sauvignon 2015 ,0.8155339805825242
Joseph Drouhin Pouilly-Fuisse 2013 ,0.9714285714285714
Bouchard Aine &amp; Fils Fourchaume Premier Cru Les Loups 2011 ,0.8503937007874016
Leese-Fitch Merlot 2016 ,1.0
Grgich Hills Estate Merlot (375ML half-bottle) 2008 ,0.9615384615384616
Love Noir Pinot Noir 2016 ,1.0
Banfarelli Chianti Classico 2015 ,0.8852459016393442
Domaine Jean Grivot Nuits-St.-Georges Aux Chaignots Premier Cru 2013 ,0.9264705882352942
I Failloux Chablis Butteaux Premier Cru 2016 ,0.8172043010752689
Michrelton Village Sauvignon Blanc 2017 ,0.8169014084507042
Finca Antigua Albarino 2016 ,0.847457627118644
Frescobaldi Castiglioni San Lorenzo 2015 ,0.7948717948717948
Villa Creek Cabernet Sauvignon 2015 ,0.9066666666666666
Kinsella Estates The Habitat Ringle Blanc 2016 ,0.6506024096385542
Bouchard Aine &amp; Fils Puligny-Montrachet 2015 ,0.9795918367346939
Clos du Bois Chardonnay 2016 ,1.0
Clos Bellane Paul Man Villages 2014 ,0.7123287671232876
Cedar + Salma Rim Red Blend 2012 ,0.676923076923077
Bodegas Ontanon Pedro Ximenez (500ML) ,0.75
Mullinery Beaujolais Blanc 2013 ,0.7466666666666667
Maume by Cakebard Russian River Pinot Noir 2016 ,0.8333333333333334
Rusack Santa Barbara Chardonnay 2015 ,1.0
Chateau Pape Clement 2004 ,0.9615384615384616
Continuum 2006 ,1.0
Produttori del Puerto Gonzallo Fino del Primaro Rosso di Montepulciano 2017 ,0.6829268292682927
Chateau Branaire-Ducru 2009 ,1.0
Chateau Olivier (Futures Pre-Sale) 2016 ,1.0
Chateau Fombrauge Blanc (Futures Pre-Sale) 2016 ,0.9333333333333333
Morgan Double L Vineyard Chardonnay (375ML half-bottle) 2014 ,0.7843137254901961
Cass Winery &amp; Browne Beaujolais Reserve 2015 ,0.6262626262626263
Denis Mortet Gevrey-Chambertin Mes Cinq Terroirs 2016 ,1.0
Champauvinna Chianti Rufina Riserva 2012 ,0.717391304347826
Bodegas y Vinedos Ilurce Rio Madre Tempranillo 2015 ,1.0
Castello Romito Cabernet Franc 2016 ,0.8059701492537313
Chateau Pichon-Longueville Baron (Futures Pre-Sale) 2016 ,1.0
Idl Creek Santenay Clos des Chenes Premier Cru 2015 ,0.7307692307692307
Hacienda Monasterio Ribera del Duero 2014 ,0.9761904761904762
Forman Cabernet Sauvignon 2014 ,0.967741935483871
Selby Chenin Blanc 2013 ,0.7916666666666666
Domaine des Roses Madeira ,0.6428571428571429
Domaine Jean Grivot Nuits-St.-Georges Aux Thorey Premier Cru 2016 ,0.9022556390977443
Blandy's Bual Stiraz 2015 ,0.6885245901639344
Wild Horse Merlot 2016 ,0.9565217391304348
Cataldi Madonna Palladie Blanc 2014 ,0.6571428571428571
Marques de Riscal Ribera del Duero 2016 ,0.7272727272727273
Harlow Riserva 2013 ,0.7142857142857143
Logio Cuvbieri Pic St. Loup Leflaive Meursault Genera 2013 ,0.6373626373626373
Ruinard Beautieres de Nimes Red Blend 2015 ,0.6428571428571429
Gilgen Alleir Cavageous 2009 ,0.5416666666666666
Schramsberg Blanc de Blancs 2008 ,0.9393939393939394
William Cole Albamar Chardonnay 2014 ,0.972972972972973
Bavita Martha Reserve Chardonnay 2014 ,0.8169014084507042
The Dreaming Tree Chardonnay 2015 ,1.0
Innocent Bystander Central Coast Retro Merlot 2012 ,0.72
Ken Forrester Old Vine Reserve Chardonnay 2017 ,0.8541666666666666
St. Francis Reserve Chardonnay 2016 ,0.8235294117647058
Banshee Morey-Saint-Denis 2013 ,0.8
CasaSmith Porto Verdot 2013 ,0.7037037037037037
Luc Belaire Ranch Sangiovese 2007 ,0.6785714285714286
Schrader CCS Beckstoffer et Chardonnay 2015 ,0.7254901960784313
Booker Vineyard Hers Vermentino 2017 ,0.8181818181818182
Sandhi Latrie Revoluzzo 2015 ,0.6333333333333333
Melville Extra Dry ,0.65
Replica Pickelle Reserve Red 2010 ,0.6470588235294118
Cave Classico Chardonnay 2017 ,0.819672131147541
Faustino VII Tempranillo 2017 ,0.9666666666666667
Sine Qua Non Ox Pinot Noir 2015 ,0.90625
Consilience Conection Roussanne (Tonnell Amacia 2014 ,0.65
Parusso Dolcetto d'Alba Piani Nobles Ladge with Gift Box ,0.7216494845360825
Murman Chardonnay ,0.7555555555555555
Barone Ricasoli Chianti 2016 ,1.0
Chateau Duhart-Milon 2009 ,0.9615384615384616
Bond Vecina 2001 ,0.9411764705882353
Silvio Grasso Turre 2000 ,0.7719298245614035
MasseT Gravenstein Hert Dautiere Albert Co. 1996 ,0.49411764705882355
Au Bon Climat Santa Barbara Chardonnay 2016 ,1.0
Gilgal Cabernet Sauvignon 2014 ,1.0
Bodegas Raul Perez Ultrepo Cava Brut ,0.782608695652174
Marketto Chianti Classico Riserva di Famiglia Blanco 2014 ,0.822429906542056
Rivay Zinfandel 2016 ,0.8095238095238095
Lo-Fi Wines Coquelicot Riesling (375ML half-bottle) 2017 ,0.7659574468085106
Four Graces Pinot Blanc 2017 ,1.0
Conceito Cantabria Rosa Moscato d'Astioni Herminia Dry Cruffing Hent Hill Cabernet Sauvignon 2012 ,0.5548387096774193
Dobles Tempranillo 2013 ,0.7916666666666666
Robert Cantin Four Figellen Springs Vineyard Hollow Chardonnay 2016 ,0.7
Bliody Clos Gu 2011 ,0.6285714285714286
Olivier Leflaive Bourgogne Vieilles Vignes Pinot Noir 2015 ,0.8173913043478261
Amici Napa Valley Merlot 2017 ,0.8135593220338984
Burgo Viejo Rioja Crianza 2015 ,1.0
Jeff Cohn Cellars Cuvee Hermitage 2015 ,0.7792207792207793
Domaine Zafeirakis in Gift Box (1.5 Liter Magnum) 2012 ,0.7037037037037037
Frescobaldi Pinot Grigio 2017 ,0.8070175438596491
Silverado Miller Ranch Zinfandel 2014 ,0.7804878048780488
Balbocillo California Chardonnay 2017 ,0.8333333333333334
Belle Glos Clark with Gift Box ,0.65625
Murman Cabernet Sauvignon 2016 ,0.9032258064516129
Pepperwood Grove Pinot Noir 2014 ,0.9180327868852459
Fat Louise Cotes de Provence Churchill Pinot Noir 2016 ,0.6481481481481481
Jules Taylor Gruner Veltliner 2014 ,0.9714285714285714
Banfi Rosa Regale Brezux 2003 ,0.7936507936507936
Domaine de la Vougeraie Clos de la Roche Grand Cru 2000 ,0.8648648648648649
Andre Bois 2014 ,0.6857142857142857
Domaine Ragot Chateauneuf-du-Pape Blanc 2012 ,0.851063829787234
Jean-Louis Chave Selection Shenah 2009 ,0.7555555555555555
Nicolas Pullus Pinot Gris 2016 ,0.7368421052631579
Mount Eden Vineyards Estate Zinfandel 2010 ,0.8045977011494253
Pride Mountain Vineyards Reserve Claret 2000 ,1.0
Poliziano Vino Nobile di Montepulciano 2015 ,1.0
Fulieno San-Juliette Merlot 2013 ,0.84375
Santa Cristina by Antinori Bianco 2016 ,0.9743589743589743
Cartlidge &amp; Godiva Chocolates Gift Set ,0.7912087912087912
Beringer Smiler Specialle 202 2014 ,0.5625
Campos de Risca Monastrell 2014 ,1.0
Val de Mer by Patrick Piuze Brut ,1.0
Lillet Choee (1.5 Liter Magnum) 2013 ,0.7887323943661971
Brooks Pinot Bianco 2014 ,0.8979591836734694
Poema Cava Brut Rose ,1.0
Belle Glos Classico Tesiro Chianti Classico 2015 ,0.7088607594936709
Peju Province Pinot Grigio 2017 ,0.7796610169491526
Vaughn Duffy Syrah 2013 ,0.9583333333333334
Alban Forsythe Vineyard Grenache 2014 ,0.735632183908046
Domaine Glinavos Vlahiko 2017 ,0.9666666666666667
Boundary Briccini Sonoma Zinfandel 2016 ,0.7575757575757576
Hitching Post Perigee 2012 ,0.7719298245614035
Robert Craig Cellars Affinity Cabernet Sauvignon (3 Liter Bottle) 2016 ,0.875
Belle Glos Clous 2016 ,0.6666666666666666
Heitz Cellar Mays Family Vineyard Singing Estate Pinot Noir 2015 ,0.6915887850467289
Cloudy Bay Sauvignon Blanc 2017 ,0.96875
Cep Pealist Pinot Noir 2016 ,0.8
Blackbird Vineyards Lindsay Pais Red 2010 ,0.717948717948718
Laughaume Rosso Rosso 2015 ,0.631578947368421
Longboard Russian River Pinot Noir 2015 ,1.0
Cellar Pinol Portal Blanco 2017 ,0.96875
Cristom Estate Syrah 2016 ,0.9615384615384616
Joseph Drouhin Hospices Sauvignon Blanc 2017 ,0.8
Chateau Quinault l'Enclos 2014 ,0.7407407407407407
Capiaux Cellars Chocolate Bench Blend Coppolate Block Sheep Mills Viognier 2016 ,0.5
Emilio Moro Malleolus de Valderramigna 2009 ,0.896551724137931
Cinnabach's Rose 2017 ,0.7368421052631579
Centora Boss Garnacha Vinas Viejas 2013 ,0.8051948051948052
Chateau Montcetton Clos de Meursault Clos du Crominia 2015 ,0.693069306930693
Elizabeth Rose Cabernet Sauvignon 2015 ,0.8493150684931506
Bodegas Lan Rioja Crianza 2015 ,1.0
Cayuse God Only Knows Ancaya Cabernet Sauvignon 2013 ,0.7070707070707071
Giovanni Rosso Conca Brunello di Montalcino (1.5 Liter Magnum) 2008 ,0.832
Bodegas Lan Rioja Jacques Prumiere Muscadet Alexander Valley Estate Chardonnay 2013 ,0.640625
Ca' Rugard Rose 2008 ,0.7027027027027027
Chateau de Campuget La Grande Reserve Chardonnay 2014 ,0.74
Donnafugata di Arca del Demi Carolo (1.5 Liter Magnum) 2014 ,0.6981132075471698
Domaine de la Janasse Cotes du Rhone Villages Plan de Bodegas Ducru 2000 ,0.762589928057554
Canoe Ripassou Q Lou Chardonnay Vieilles Vignes 2015 ,0.7304347826086957
Tablas Creek Esprit de Tablas Blanc 2017 ,0.975609756097561
Pikes Pinot Noir 2015 ,0.8837209302325582
Jim Barry Tupeyret Nuits-St.-Georges 2000 ,0.65
Chateau Pape Clement de Blancs 2013 ,0.9117647058823529
Gold Steep Finds Holus Columbia 2014 ,0.717948717948718
Bellus Giraso Arinzand Les Beaune Blanc 2016 ,0.6226415094339622
Felsina Fontalloro Chianti Classico 2015 ,0.8095238095238095
Rustic Wine Cellars Craftsman's Conn Valley Vineyards Cabernet Sauvignon 2016 ,0.7681159420289855
Walnut Block Wines Big Sky Te Muna Cabernet Sauvignon 2014 ,0.7010309278350515
Renwood Winery The Cleaver Red Blend 2014 ,0.9761904761904762
Corison Cabernet Sauvignon (1.5 Liter Magnum) 2004 ,0.9803921568627451
Robert Catcher Harmony Decanter ,0.6415094339622641
Scribe Cortese 2014 ,0.6829268292682927
Patrick Piuze Chablis 2017 ,0.782608695652174
Beringer Private Reserve ,0.7575757575757576
Assobiot Malbec 2016 ,0.7894736842105263
Seghesio Costiera White Port ,0.8620689655172413
Hertelendy Cabernet Sauvignon 2014 ,1.0
Easton The Ban Xinor Proprietary Red (1.5 Liter Magnum) 2016 ,0.7047619047619048
Rubishou Chateauneuf-du-Pape Cuvee Chaupin 2015 ,0.7522935779816514
Dark Horse Cabernet Sauvignon (1.5 Liter Magnum) 2014 ,0.8952380952380953
Bosiolo Castelle Inspade Red 2013 ,0.6470588235294118
Stolpman Vineyards Love Yountain Merlot 2015 ,0.7586206896551724
Arianna Odge 2017 ,0.6486486486486487
Brozzic Salinia Pasada Julia Brut Rose ,0.6885245901639344
Domaine Font-Marsanne Cotes du Rhone Villages Rouge 2015 ,0.7478260869565218
Au Bon Climat Isabello 2012 ,0.8059701492537313
Hermann J. Wiemell'soup Pinot Noir 2015 ,0.6875
Sloan 2000 ,1.0
Bond Viccolo Chinon 2008 ,0.7142857142857143
Piper-Helena Ladger Vineyard Syrah Exposition Xinomavro 2016 ,0.5950413223140496
Donati Family Vineyards Originals Cabernet Sauvignon 2015 ,0.8867924528301887
Whetta Malbec 2015 ,0.7692307692307693
Ken Wright Cellars Toum Reds Wines Chardonnay 2017 ,0.6746987951807228
Averaen Nysa Vineyard Chardonnay 2015 ,0.8055555555555556
Chateau Ducru-Beaucaillou Bandol 2015 ,0.8985507246376812
Fleur du Cote Blanc de Blancs Brut ,0.8108108108108109
Duval-Leroy Blanc de Noirs ,0.75
The White Knight Chardonnay 2017 ,0.7666666666666667
Chateau Pegau Cotes du Rhone 2014 ,0.821917808219178
Chateau Lilian Ladouys 2013 ,1.0
Campos de Luz Neile 41 Fome Chardonnay 2015 ,0.676056338028169
Auspiri Sauvignon Blanc 2017 ,0.8771929824561403
Chateau de Cerons 2000 ,0.9565217391304348
Oxford Louise Chardonnay 2015 ,0.819672131147541
Vinaceous Red Rincon Riesling Kabinett 2016 ,0.6933333333333334
90+ Point Napa Valley Wine Gift Set ,0.9859154929577465
Burgle Vineyards Petite Sirah 2016 ,0.8823529411764706
Hook and Ladder Chardonnay 2016 ,0.96875
Verdad Sawyer Lindquist Vineyard Tempranillo 2014 ,1.0
Calcu Cabernet Franc 2015 ,0.9615384615384616
Peju Province Cabernet Franc 2014 ,0.9705882352941176
Moddesse Becco Romansile 2015 ,0.6666666666666666
Silverado Cabernet Franc 2014 ,0.84375
Mountain Vineyards Colon Vineyard Cabernet Sauvignon 2005 ,0.7868852459016393
Dow's Vintage Port 2015 ,0.9583333333333334
Canalicchio di Sopra Reserva 2006 ,0.6506024096385542
Chavy-Celeins Clos du Roy 2015 ,0.7857142857142857
Castello Rosso di Montalcino 2015 ,0.8615384615384616
Robert Sinskey Abregoerieusse Premier Cru 2013 ,0.64
Domaine de la Taille Aux Loups Pinot Noir 2009 ,0.7555555555555555
Louis Believer Alta 2013 ,0.6206896551724138
Clos LaChance Collia Viontasiato 2016 ,0.7714285714285715
Banrock Estate Chardonnay 2017 ,0.8888888888888888
Monte Antico Supremus 2013 ,1.0
Victorine de Chastenay Cr√©mant de Bourgogne Blanc de Blancs ,0.8440366972477065
Point Cabernet Sauvignon 2014 ,0.9
Hitching Post Pinks Rose 2016 ,0.9666666666666667
Joseph Drouhin Cote de Beaune Villages 2015 ,0.9772727272727273
Jorge Ordonez Pinot Noir 2017 ,0.7843137254901961
Regis Charmel 2014 ,0.7
Caparzo Brunello di Montalcino Riserva 2011 ,0.9772727272727273
Illahe Vineyards and Winery Viognier 2017 ,1.0
Domaine de Terme Villages Vieilles Vignes 2017 ,0.7872340425531915
Mount Eden Vineyards Estate Cabernet Sauvignon Rose 2017 ,0.9357798165137615
Dow's Trademardi Chianti Classico Effee 2011 ,0.6842105263157895
Perrier-Jouet Grand Brut ,1.0
Guillaume Gillmor Cabernet Sauvignon 2003 ,0.7586206896551724
J Vineyards California Chardonnay 2016 ,1.0
Bolla Rosa Chardonnay 2016 ,0.84
Hickinbotham Broken Chardonnay 2015 ,0.7301587301587301
Ryme Weeks Vineyard Cabernet Sauvignon 2012 ,0.8817204301075269
Bodegas Revoluti Douro White Label Sur Lie 2008 ,0.55
Ceretto Bentoni Brunello di Montalcino 2009 ,0.7816091954022989
Quinta de Val Rose 2016 ,0.7586206896551724
Dugat-Pylioue Freres Tino La Lore 2009 ,0.5428571428571428
Colgin IX Estate Syrah 2006 ,1.0
Cayuse Bionic Froutsel White 2016 ,0.75
Rock &amp; Vine Chardonnay 2014 ,0.7948717948717948
Petrolo Insocer Sparkling Pinot Noir 2014 ,0.684931506849315
Seghesio Sonoma Zinterome Chardonnay 2014 ,0.7160493827160493
Revolution Winery Cabernet Sauvignon 2016 ,0.8780487804878049
Chateau Branaire-Ducru 2003 ,1.0
Chateau Pontet-Canet (1.5 Liter Futures Pre-Sale) 2017 ,1.0
Juve Y Camps Gregueres 2009 ,0.71875
Chateau Mouton Rothschild 2010 ,0.967741935483871
Peter Matribu Cabernet Sauvignon 2016 ,0.8767123287671232
Colgin IX Estate Red 2016 ,0.9615384615384616
Clos Pegase Mitsuko's Vineyard Chardonnay 2011 ,0.9787234042553191
Bodegas Monteanne Sonoma Coast Pinot Noir 2016 ,0.8275862068965517
Madai Origen Leap Cabernet Sauvignon 2014 ,0.8
Mettler Family Vineyards Merlot 2015 ,0.821917808219178
Chateau Hosanna 2010 ,0.9523809523809523
Paul Hobbs Beckstoffer To Kalon Cabernet Sauvignon 2014 ,0.9090909090909091
Nickel &amp; Nickel Hayne Cabernet Sauvignon Grand Vin 2007 ,0.8727272727272727
Domenico Clerc Meursault Clos Du Valch Fino Sherry ,0.6213592233009708
Noble Vines 337 Lodi Cabernet Sauvignon 2015 ,0.9777777777777777
Meiomi Sparkling ,1.0
EOS Petite Sirah 2016 ,1.0
Evodia Cornala Russian River Pinot Noir 2014 ,0.8333333333333334
Cousino Macul Chardonnay 2012 ,0.9666666666666667
Billaud-Simon Villages 2015 ,0.8
Chapelle St. Theodor Mondavi Marcaire Chateauneuf-du-Pape Cuvee Imperialeo 2016 ,0.7375886524822695
Roberts Coast Reserve Chardonnay 2014 ,0.8860759493670886
Kalex Pinot Noir 2015 ,0.9545454545454546
Lecheneaut Nuits-Saint-Georges Premier Cru 2016 ,0.8623853211009175
Kale Haut Louise Chardonnay 2016 ,0.7741935483870968
Sierra Cantabria Reserva Unda Cava Brut 2013 ,0.8395061728395061
Lecon Placida 2013 ,0.631578947368421
Anthill Farms Campbell Ranch Vineyard Pinot Noir 2000 ,0.9629629629629629
Au Bon Harin Pinot Noir 2015 ,0.7857142857142857
Vinum Cellars Cheval Sauvignon Blanc 2017 ,0.8108108108108109
Chasseur Cedarg Pinot Noir 2016 ,0.8125
Lucas &amp; Lewellen Zinfandel 2016 ,0.7945205479452054
Mount Eden Vineyards Estate Chardonnay 2013 ,0.9772727272727273
Xalumba El Cortol Chateauneuf-du-Pape Cuvee Vieilles Vignes 2013 ,0.752
Banfi Brunello di Montalcino Riserva 2009 ,0.8705882352941177
Domaine Fernand &amp; Laurent Pillot Chateauneuf-du-Pape Blanc 2014 ,0.7633587786259542
Cypress Chardonnay 2017 ,1.0
Huia Black Ridge Rose 2017 ,0.7169811320754716
Bodegas Lan Graham Sonoma Coast Pinot Noir 2013 ,0.8478260869565217
Cellar No. 8 Pinot Noir 2016 ,0.9655172413793104
Columbia Crest Grand Estates Cabernet Sauvignon 2014 ,1.0
Fowles Wine Fleat Western Estate Single Vineyard Pinot Noir 2012 ,0.7433628318584071
Robert Soniche Hope Ost-Intrigen St. Laurent 2013 ,0.8387096774193549
Chateau Cote de Nuits Villages 2013 ,0.7894736842105263
Ponzi Reserve Pinot Noir 2015 ,1.0
Berlucci Picassou Red Blend 2015 ,0.711864406779661
Saintsbury Toyon Farm Pinot Noir 2016 ,0.9736842105263158
Domaine Faiveley Chassagne Montrachet 2016 ,0.9767441860465116
Kooyong Farrago Chardonnay 2015 ,1.0
Chateau Mouton Rothschild 2009 ,1.0
Rubissow Merlot 2014 ,0.9523809523809523
Lapostolle Clos Apriciera Lastello 2014 ,0.7647058823529411
Round Pond Kith and Kin Cabernet Sauvignon 2016 ,0.9791666666666666
Matteo Correggia Rosso di Montalcino 2014 ,0.7848101265822784
Pepper Bridge Winery Merlot 2016 ,0.9696969696969697
Futo Viedenne Seven Liers View Pinot Noir 2015 ,0.6881720430107527
Elderton E Series Chardonnay 2013 ,0.9705882352941176
Joseph Phelps Freestone Vineyards Rose of Pinot Noir 2017 ,0.859504132231405
Piper-Heidsieck Cuvee Brut 2006 ,0.9152542372881356
Aig White Riesling 2016 ,0.8
Rustic Wine Cellars Paras Vineyard Pinot Noir 2013 ,0.7878787878787878
Olexander Valley Vineyards Temptation Zinfandel 2014 ,0.9622641509433962
Bila-Haut by Michel Chapoutier Cotes du Rhone Rose 2007 ,0.905982905982906
A.P. Chanson Les Pendams 2014 ,0.6461538461538462
Ludd Hillside Select Cabernet Sauvignon (3 Liter Bottle) 2014 ,0.78125
Chateau des Anaillero del Duero 2016 ,0.7096774193548387
Elizancia Gialla 2013 ,0.6511627906976745
Chateau des Mille Aux Chainty Pinot Noir 2015 ,0.6829268292682927
Chateau Montrose (Futures Pre-Sale) 2016 ,1.0
Caturelil Port (500ML) 2014 ,0.5915492957746479
Big Basin Monterey Pinot Noir 2001 ,0.9714285714285714
El Enemigo Mendoza Estate Grown Cabernet Sauvignon 2013 ,0.7619047619047619
Villadoria Il Nass'Vencolas Reserve La Mesena Vineyard Cabernet Sauvignon 2007 ,0.6564885496183206
Kracher Trights Cabernet Sauvignon 2014 ,0.821917808219178
Domaine Lafage Cuvee Generator 2016 ,0.7848101265822784
Sokol Blosser Brut Prosecco ,0.7368421052631579
Colgin IX Estate Reserve 2012 ,0.8928571428571429
Gregory Graham Magma Rose 2016 ,0.9180327868852459
Philippe Colin Bourgogne Rouge Cuvee de Noble Souche 2015 ,0.8070175438596491
Krug Vintage Brut 2006 ,0.9565217391304348
Rhys Vineyards Horseshoe Vineyard Pinot Noir 2016 ,0.98
Bodegas Muga Cava Grace Barbreche 1998 ,0.6578947368421053
Jeff Cohn Cellars Haut Lount Cosme De Neguille 2014 ,0.6236559139784946
Wirra Wirra Chardonnay 2015 ,0.8214285714285714
Domaine de Bois Zinfandel 2016 ,0.8135593220338984
Ruinart Brut Rose Reserve ,0.8235294117647058
Aloxe Cotes du Jura Chardonnay 2013 ,0.8
Chateau de Blancs 2012 ,0.8235294117647058
Condado de Haldiga Reserva Malbec 2012 ,0.7323943661971831
Chappellet Pritchard Hill Estate Vineyard Cabernet Sauvignon 2012 ,1.0
Columbia Crest Grand Estates Merlot 2010 ,0.975609756097561
Black Cabra Chardonnay 2015 ,0.9642857142857143
Paul Dolan Vineyards Zinfandel 2015 ,1.0
Chalk Hill Central Coast Red Blend 2015 ,0.7529411764705882
Slo Sear Old Sercial Madeira (500ML) ,0.8292682926829268
Colgin IX Estate Syrah 2017 ,0.9642857142857143
Enkidu E Cabernet Sauvignon 2014 ,0.9696969696969697
Jules Taylor Cabernet Sauvignon 2017 ,0.8285714285714286
Buttonwood Farm Chardonnay 2016 ,0.7719298245614035
Manoir du Carra Beaujolais Villages 2017 ,0.975609756097561
Montinorg Cabernet Sauvignon 2005 ,0.875
Bouzuca Noente Cisance Reserve 2015 ,0.6451612903225806
Cakebread Cabernet Sauvignon 2014 ,0.9705882352941176
Rudi Pichles Blanc de Blancs ,0.7450980392156863
Joseph Jewell Grist Vineyard Cabernet Sauvignon 2016 ,0.822429906542056
Chateau Clinet (1.5 Liter Magnum) 2014 ,0.9487179487179487
Frank Family Vineyards Reserve Cabernet Sauvignon 2015 ,0.9818181818181818
LaRue Rice Santa Caterina Vineyard Chardonnay 2016 ,0.7368421052631579
Chamonix Reserve Cabernet Sauvignon 2016 ,0.8860759493670886
Murphy-Goode Alexander Valley Cabernet Sauvignon 2012 ,0.9814814814814815
Trustor Estate Reserve Sauvignon Blanc 2014 ,0.8478260869565217
Girl &amp; Dragon Pinot Noir 2014 ,0.8571428571428571
Luc Cold Crintage Red Blend 2015 ,0.75
Colosi Rosso Serral 2014 ,0.7843137254901961
Giornata Arkeminer Alteogere Syrah 2016 ,0.5974025974025974
Cline &amp; Mounir Blanc Le Jose 2013 ,0.625
Robert Oatley McMarnoc-ausel Grenache 2009 ,0.6341463414634146
Clos Lignier Rose 2016 ,0.8
Rochioli Rubento Premiere Cuvee (375ML half-bottle) 2014 ,0.6964285714285714
Chateau Belgrave (1.5 Liter Magnum) 2009 ,0.9512195121951219
Perliss Torres Les Charmes Combe 43 Fites Coctorset-les-Beaune 2013 ,0.5042016806722689
Poco a Poco Russian River Chardonnay 2015 ,0.825
Famille Perrin Cotes du Rhone St. Esprit Rouge 2014 ,0.8235294117647058
Red Car Aloxe Corton Pere &amp; Fils Gevrey-Chambertin 2014 ,0.7592592592592593
Point Ormond Moscato d'Asti 2017 ,0.7868852459016393
Groundwork Syrah 2015 ,1.0
William Knuttel Fino Sherry ,0.7333333333333333
Domaine Lafond Roc-Epine Chateauneuf-du-Pape Les Cailloux Cuvee Series Commee 2011 ,0.7368421052631579
Colgin IX Estate Red 2011 ,1.0
Drew The Ornbaun Syrah 2015 ,0.9642857142857143
Brundlmayer Old Sparky Cabernet Sauvignon Reserve 2013 ,0.8210526315789474
Pecchenino San Luigi Rose 2016 ,0.7466666666666667
Vina Jeon Premier Cru Rouge 2015 ,0.675
Helen &amp; Joey Parades Grand Cru 2000 ,0.6436781609195402
Domaine Francois Legros Altenberg Graat Bubble Moscato d'Asti Sori Suno Nero ,0.5306122448979592
Floreme Westerwood Chardonnay 2016 ,0.7540983606557377
Fowles Wine Farm Los Casineta 2008 ,0.7123287671232876
Secret Indulgence Cabernet Sauvignon 2016 ,0.803921568627451
Big Basin Monterey Pinot Noir 2014 ,1.0
Cono Sur 2000 ,0.6875
Bond View White Label Gift Noir Pinot Noir 2015 ,0.6813186813186813
Bergstrom Grumiere Cotes Du Rhone 2014 ,0.7123287671232876
Hayes Red 2014 ,0.7272727272727273
Futo 2017 ,0.9
Domaine de Colette Morgeot Clos de la Chapel of Grenache 2017 ,0.6554621848739496
Yalumba The Hentine Rose 2017 ,0.6808510638297872
B.R. Cohn Olive Hill Estate Cabernet Sauvignon 2014 ,0.9807692307692307
Four Graces Pinot Noir 2013 ,0.9642857142857143
Tinz Coppier Cabernet Sauvignon ,0.7741935483870968
Savenerd Pinot Noir 2016 ,0.88
Cline Lone Pinot Noir 2016 ,0.8571428571428571
Chappellet Sonoma Coast Late Haut de Susuma Red 2013 ,0.574468085106383
Niepoort Dry White Wine Glass - Set of 4 ,0.7848101265822784
Hirand Estate Red 2011 ,0.7755102040816326
Tolosa Winery Estate Pinot Noir 2004 ,0.9459459459459459
Clos Pegase Mitsuko's 2013 ,0.7428571428571429
Montinore Reserve Pinot Noir 2014 ,0.9705882352941176
Substance Super Substance Jack's Crown Cabernet Sauvignon 2014 ,0.9333333333333333
Cass Winery Grenache 2015 ,1.0
Hook Winery Tempranillo 2014 ,0.8387096774193549
J.J. Christoffel Urziger Vineyard Chardonnay 2015 ,0.7142857142857143
Cass Winery Ground Chardonnay 2016 ,0.7619047619047619
Steele Cuvee Chardonnay 2017 ,0.9655172413793104
Tyler Winery Zotovich Family Vineyard Petite Sirah 2016 ,0.8181818181818182
Roots Run Deep Educated Guess Pinot Noir (375ML half-bottle) 2015 ,0.8035714285714286
Sonoma Coast Russian River Pinot Noir 2017 ,0.8470588235294118
Crossbarn by Paul Hobbs Napa Valley Cabernet Sauvignon 2016 ,0.9833333333333333
Steele Cuvee Chardonnay 2015 ,0.9655172413793104
Veuve Clicquot Vintage Brut 2008 ,1.0
Klinker Brut Rose 2016 ,0.7441860465116279
Four Vines The Kinker Cabernet Sauvignon 2015 ,0.9782608695652174
Timbre Applavina 2014 ,0.6538461538461539
Camigliano Colda Rose 2017 ,0.6666666666666666
Jean-Louis Chave Selection Crozes-Hermitage Silene 2014 ,0.9821428571428571
Clos Cibonne Cuvee Speciale Brut Champagne ,0.7804878048780488
Fessina Pertimali Chardonnay 2014 ,0.746268656716418
Consilience Gold Cuvee Les Amours 2014 ,0.6835443037974683
Bennet-Chaudije Saint-Joseph le Grand Courtage Rose ,0.6470588235294118
Feorges Basso Dolcetto 2016 ,0.6545454545454545
Beckon Pinot Noir 2016 ,0.8695652173913043
Cypress Cabernet Sauvignon 2016 ,1.0
Filus Malbec 2016 ,1.0
Georges Vernay Cotes de Bellene Nuits-St-Georges Aux Thorey-Chambertin 2013 ,0.624113475177305
Chateau Mouton Rothschild (Futures Pre-Sale) 2016 ,1.0
Cherry Picker Merlot 2015 ,0.9615384615384616
Provenance Vineyards Reserve Claret 2014 ,0.8604651162790697
Cambiata Winery Pinot Gris 2016 ,0.875
Cense Vino Nobile di Montepulciano Riserva 2013 ,0.8686868686868687
Philippe Faury Sonoma Coast Pinot Noir 2016 ,0.8505747126436781
Rinaldi Pink! Moscato 2017 ,0.8214285714285714
Domaine Dujac Fils &amp; Pere Clos des Mouchet 2014 ,0.8245614035087719
Joseph Jewell Hallberg Vineyard Pinot Noir 2013 ,0.9791666666666666
Murphy-Goolten Vineyards Estate Cabernet Sauvignon 2016 ,0.8518518518518519
William Hill Central Coast Cabernet Sauvignon 2014 ,0.88
Domaine Fouassier L'Envoye Bourgogne Chardonnay 2015 ,0.7708333333333334
Vina Alicia Los Carneros Vieilles Vignes 2015 ,0.7294117647058823
Acumintini Fallue Blanc 2014 ,0.6785714285714286
Ruggeri Giacosano Tenuta di Grdenda Reserva 2011 ,0.5897435897435898
Adelaida Kear Old Tawny Port ,0.7213114754098361
Valley of the Moonseire Vessefonczio Vineyard Clone Pinot Noir 2015 ,0.6666666666666666
Uppercut Sauvignon Blanc 2017 ,0.9666666666666667
Red Diamond Malbec 2016 ,0.9583333333333334
Chalk Hill Estate Krothschill Pinot Noir 2016 ,0.825
Concannon Petite Sirah 2016 ,1.0
Tenuta di Bisevation Tinto 2015 ,0.7619047619047619
Perez Cruz Liguai 2009 ,1.0
Bouchard Pere &amp; Fils Gevrey-Chambertin Clos de Bezes 2016 ,0.8727272727272727
Lost Angel Charmowa Rose 2017 ,0.8070175438596491
Mas Amiel Vertigoque 2013 ,0.8979591836734694
Bodegas Renacer Punto Coleccion Palo Cortado Sherry (375ML) ,0.6610169491525424
Pulenta Guon Fils Petit Chablis 2017 ,0.676056338028169
Crowley La Clapiere Cuvee Alie 2015 ,0.6666666666666666
Il Poggione Rosso di Montalcino 2015 ,1.0
Continuur Sauvignon Blanc 2014 ,0.8333333333333334
Morgan Grenache 2015 ,0.75
Caiarossa Coltei 2015 ,0.7567567567567568
Luce Della Villa Russiz Reserve 2006 ,0.6363636363636364
Vina Cobos Brut ,0.5882352941176471
Walter Hanselli Vineyards Zeltinger Hidsen The Bee Flor Lecht Pere Cabernet Sauvignon 2015 ,0.624113475177305
Wild Horse GSM 2014 ,0.95
Domaine Buisson-Charles Fagonet Pinot Noir 2015 ,0.7586206896551724
Mountahaja Merlot 2015 ,0.7441860465116279
Volertini Plure Pinot Noir 2016 ,0.7719298245614035
Joseph Carr Chardonnay 2016 ,1.0
Domaine des Ecrance Grenache 2015 ,0.7536231884057971
Cellar No. 8 Pinot Noir 2017 ,0.9655172413793104
Penfolds Bix MontepIif de Rouge 2014 ,0.6206896551724138
Point Rowst Chardonnay 2014 ,0.8148148148148148
Mount Eden Vineyards Estate Gamily Pinot Noir 2017 ,0.9052631578947369
Badia a Colteia Blanc de Blancs ,0.7241379310344828
California Cabernet Sauvignon 2006 ,0.8831168831168831
Noon Echels Rose 2017 ,0.7555555555555555
Schiefer Carneros Chardonnay 2015 ,0.8787878787878788
Smith Story Lakota's Vineyard Cabernet Sauvignon 2009 ,0.8256880733944955
Marchesi di Barolo Terra di Lamole Pedona Mencia 2015 ,0.7083333333333334
William Hill Pinot Noir 2015 ,1.0
Tuck Beckstoffer Hoght 2 and Dr. Petite Sirah 2016 ,0.7142857142857143
Chereau Carre les Desjars 2014 ,0.6545454545454545
Babcock Estate Giosy 2016 ,0.6938775510204082
Chateau Ducru-Beaucaillou Croix de Beaucaillou (1.5 Liter Magnum) 2014 ,0.8028169014084507
Feudo Zirtarine Lambrusco 2015 ,0.6666666666666666
Patrick Piuze Chablis Terroir Les Foluertees 2015 ,0.875
Kings Ridge Vineyard Pinot Noir 2002 ,0.8192771084337349
Reguengo de Roncier Albarino 2017 ,0.6909090909090909
Cline Cashmere White 2017 ,1.0
Billaud-Simon Chablis Les Clos Grand Cru 2014 ,0.8842105263157894
Gregory Graham Crimson Hill Vineyard Pinot Noir 2016 ,0.8514851485148515
Pride Mountain Blanco 2014 ,0.7450980392156863
Robert Mondavi Napa Valley Cabernet Sauvignon 2014 ,0.9803921568627451
Berger Zweigelt (1 Liter) 2016 ,1.0
Veiling Vineyard Chardonnay 2016 ,0.835820895522388
Banfi Rosa Regale Bianco 2016 ,0.8571428571428571
Domaine Faiveley Gillour 2015 ,0.8333333333333334
Niepoort Dollares Riesling 2017 ,0.7096774193548387
Joseph Drouhin Chassagne-Montrachet 2016 ,0.975609756097561
Ancien Wines Mira Vineyard Pinot Noir 2010 ,0.9302325581395349
Jean et Schipsed Vineyard Chelse Immarine 2007 ,0.6206896551724138
Schrader CCS Beckstoffer To Kalon Cabernet Sauvignon 2015 ,1.0
Chateau de Equites Leflais Loup 2016 ,0.6486486486486487
Wrath EX Sauvignon Blanc 2017 ,1.0
Tinga Reserve Chardonnay 2015 ,1.0
Domaine Lafond Lirac Rouge 2016 ,0.8378378378378378
Titus Zinfandel 2017 ,0.9523809523809523
Anthonij Russian River Chardonnay 2013 ,0.8533333333333334
Albert Bichot Cremant de Bourgogne Blanc de Blancs ,0.9357798165137615
A.P. Kin Cabernet Sauvignon 2015 ,0.8571428571428571
Bouchard Pere &amp; Fils Beaune Clos des Folgee 2015 ,0.8
Yarden Cabernet Sauvignon 2016 ,0.967741935483871
Domaine Fouassier Sancerre Le Peu de lussian Rioja 2012 ,0.7128712871287128
Undurraga Sibaris Cabernet Sauvignon Graffiti Magnum Glasses - Set of 4 ,0.7244094488188977
Clos du Bois Savoy Vineyard Merlot 2013 ,0.7631578947368421
Handpicked Wines Clos Laro Fresc ,0.6
Ojai Roll Ranch Viognier 2016 ,1.0
King Chardonnay 2017 ,0.8837209302325582
PKNT Reserve Russian River Pinot Noir 2016 ,0.8354430379746836
Joseph Phelps Cabernet Sauvignon 2017 ,0.9736842105263158
Col de Salici de San Vicente 2012 ,0.6666666666666666
CADE Reserve Pinot Noir 2014 ,0.8387096774193549
Compania Flor de Crus Vintage Brut 2008 ,0.6753246753246753
Chateau Puech-Haut Prestige Rose ,0.9295774647887324
Masicibera del Duero Crianza 2012 ,0.7733333333333333
Kuleto Estate Cabernet Sauvignon 2003 ,0.891566265060241
Kosta Browne Saut Pinot Grigio 2017 ,0.7619047619047619
Verite La Muse 2012 ,1.0
Chateau de Puligny-Montrachet Chassagne-Montrachet Les Chaumees Premier Cru 2015 ,0.8641975308641975
Blandy's Bual Pinot Noir 2015 ,0.8070175438596491
St. Ubby touveau 2015 ,0.5909090909090909
Talbott SIX Sancerre Rouge 2017 ,0.6567164179104478
Il Mourvaeille Chardonnay 2016 ,0.7719298245614035
Catena Zapata Adrianna Loose Quartzenet Gewurztraminer 2015 ,0.625
Parducci Small Lot Blend Pinot Noir 2015 ,0.975609756097561
Bodegas Callia Bella 2017 ,1.0
Lucas &amp; Lewellen Chardonnay 2016 ,1.0
Chateau La Garde Writer Madeira ,0.684931506849315
Mount Envoy Johnson Vineyard Pinot Noir 2016 ,0.8210526315789474
Donnafugata Berthibfrane 2014 ,0.75
Tomaiolli Chianti Classico 2016 ,0.9206349206349206
Claiborne &amp; Churchill Pinot Noir 2015 ,1.0
Musso Rose 2016 ,0.8
Cinnabar Slandon Radicia 2012 ,0.6129032258064516
Continuuma Negra 2016 ,0.7567567567567568
Fausse Piste Annes Gemblers - Set of 2 ,0.64
Vina Cobos Bramare Marcani Cabernet Sauvignon 2015 ,0.8672566371681416
Abacela Barrel-Syrah 2013 ,0.625
Domaine Fernand &amp; Laurent Pillot Cuvee Tradition Pinot Noir 2016 ,0.7272727272727273
Gusbourne Brut &amp; Neuhaus Belgian Chocolates ,0.7747747747747747
Arima Rosso di Montalcino 2015 ,0.90625
Belle Ambiance Leap Winery The Pepper Pouilly Fume 2013 ,0.611764705882353
Underwood Rose 2017 ,1.0
Zestos Fernhard Chardonnay 2014 ,0.7636363636363637
Chateau Pape Clement (Futures Pre-Sale) 2016 ,1.0
Chateau La Mission Haut-Zuy La Trum Pinot Noir 2015 ,0.7586206896551724
Batia Bin Pinot Noir 2016 ,0.8214285714285714
Domaine de la Tourille Chassagne-Montrachet Clos du Prieuree Blanc 2012 ,0.7786259541984732
Tour des Gener Proprietary Red 2007 ,0.7619047619047619
Domaine Follin-Arbeleno del Portus Saint-Joseph Fraugers (Futures Pre-Sale) 2017 ,0.5873015873015873
Kooyong Fessy Province Sauvignon Blanc 2016 ,0.7848101265822784
Sonnet Black Ridge Pinot Noir 2013 ,0.9714285714285714
Bokisch Vineyards Tempranillo 2017 ,0.9714285714285714
Collosorbo Brunello di Montalcino Riserva Bella 2015 ,0.92
Amici Malbec 2014 ,0.8
Giovanni Rosso Barbera d'Asti 2016 ,0.7647058823529411
Clau de Nell Cabernet Sauvignon 2012 ,0.835820895522388
Philippe Pacalet Meursault Vieilles Vignes 2015 ,0.7184466019417476
Feudo Zirtari Nicilia 2015 ,0.7076923076923077
Bucklin Old Hill Ranch Ancient Vines Zinfandel 2016 ,0.9183673469387755
Sobon Enemignon Clasico 2014 ,0.6557377049180327
Soter Vineyards North Red Blend 2014 ,0.7605633802816901
Cottonizia Reserva Seco Cuco ,0.5423728813559322
Case Pinot Noir 2015 ,0.8780487804878049
Tenuta delle Terre Nerabeia 2016 ,0.7671232876712328
Domaine des Courrilles Volnay Clos des Chenes Premier Cru Montpailesis (375ML half-bottle) 2014 ,0.6742857142857143
Domaine Vincent Dampt Chablis 2015 ,1.0
Tangley Oaks North Coast Merlot 2017 ,0.7741935483870968
Vineyard 7 and 8 Correla Chardonnay 2017 ,0.8395061728395061
Anaba Turbine Red Blend 2016 ,0.8461538461538461
Gilbari Niente Winery Merlot 2016 ,0.7241379310344828
Andis Cabernet Franc 2013 ,0.9615384615384616
Cloudy Bay Sauvignon Blanc 2015 ,0.96875
Bodegas Nekeas Vega Sindoa Cabernet Sauvignon 2014 ,1.0
Giornata Santa Lucia Highlands Charlemagne Glasses - Set of 4 ,0.6262626262626263
Six Degrees Cellars Merlot 2014 ,0.7941176470588235
Stag's Leap Wine Cellars KARIA Chardonnay 2013 ,0.9787234042553191
Felsina Chianti Classico Riserva Rancia (1.5 Liter Magnum) 1996 ,0.953125
Animo by Michael Mondavi Red Blend 2016 ,0.7415730337078652
Banfi Chianti Classico 2016 ,1.0
Wayfarer Zin de Pilge Chardonnay 2011 ,0.7619047619047619
Slingshot Sauvignon Blanc 2017 ,0.967741935483871
Clos Fourtet (1.5 Liter Magnum) 2000 ,0.7894736842105263
Stag's Leap Wine Cellars Sauvignon Blanc 2014 ,0.9183673469387755
Bleaux 2016 ,0.625
Sebastiani by Charlier Lambrauge 2014 ,0.5945945945945946
Niner Edna Valley Syrah 2015 ,0.7647058823529411
Philippe Foreau Vouvray 2013 ,0.9032258064516129
Menage a Trois White Blend 2017 ,1.0
Booker Vineyard Albarino 2016 ,0.8275862068965517
Chateau de Segries Tavel Rose 2016 ,0.9714285714285714
Fowles Wine Farm to Table SW Scephen Chardonnay 2016 ,0.8842105263157894
Blue Farm Albarino 2017 ,0.851063829787234
Avalonkon Escolition Pinot Gris 2016 ,0.6984126984126984
Philipponnat Royall-Beguis Chardonnay 2015 ,0.704225352112676
Bouchard Pere &amp; Fils Volnay Clos des Polus Blanc 2014 ,0.7804878048780488
Chateau Ste. Michelle Cabernet Sauvignon 2013 ,0.9782608695652174
Coates Vineyards Organic Merlot 2014 ,1.0
Beringer Luminus Chardonnay 2011 ,0.9696969696969697
Pecchenino Siri Rose 2017 ,0.6976744186046512
Kata Beckstoffer To Kalon Cabernet Sauvignon 2007 ,0.8846153846153846
Gruet Blanc de Blancs 49 2015 ,0.9122807017543859
Ruca Malen Yauquen Malbec 2015 ,1.0
Valdespino Fino ViRa Buller Fermented 2009 ,0.6176470588235294
Duckhorn Napa Valley Chardonnay 2017 ,1.0
Ceretto Rossana Dolcetto 2013 ,0.8656716417910447
Roots Run Deep Estate Sauvignon Blanc 2017 ,0.8
Laige Julia's Vineyard Merlot 2014 ,0.7222222222222222
Ladoucette Les Lumaires Premier Cru 2016 ,0.6666666666666666
Villa Creek JaCJuE Red Blend 2012 ,0.7540983606557377
Leone de Celler ,0.631578947368421
Line 39 Sauvignon Blanc 2015 ,0.9655172413793104
Imblebourt Mortet Gevrey-Chambertin Mes Cinq Terroirs 2016 ,0.8849557522123894
Antoniolo Castelli di Castelvetro Amaron 2014 ,0.625
Chateau Carbonnieure 2001 ,0.782608695652174
Domaine Bousquet Meursault 2014 ,0.8852459016393442
Tikves Belaswoo Salucci Blanc de Blancs 2012 ,0.6829268292682927
Bond Pluribus 2009 ,1.0
Turley Hayne Los Merlot 2015 ,0.72
ONEHOPE California Zinfandel 2016 ,0.9705882352941176
Carlson Chardonnay 2014 ,0.9583333333333334
Robert Hall Zinfandel 2013 ,0.9629629629629629
"Black Sheep Finds Holus Bolus ""Frocher Estate Pinot Noir 2014 ",0.773109243697479
Knights Blend Cabernet Giffer Tokaia 2015 ,0.6486486486486487
Jean Loron Saint-Amour Diels Cabernet Sauvignon 2014 ,0.7789473684210526
Statti Calabria Arvino 2015 ,1.0
Rhys Vineyards Hill Pinot Noir 2014 ,0.835820895522388
Quill Diamond Mountain Yiron 2016 ,0.7654320987654321
Wild Horse Chardonnay 2015 ,0.9629629629629629
Zuccardi Q Malbec 2014 ,0.9565217391304348
Epiphany Gypsy 2016 ,1.0
Candoni Chianti 2014 ,1.0
Bucci Piceno Merlot 2014 ,0.8076923076923077
Chateau Clos Miroc 2015 ,0.8163265306122449
Chappellet Pritchard Cabernet Sauvignon 2005 ,0.7927927927927928
Do Fere Rose of Pinot Noir 2017 ,0.8484848484848485
Zuccardi Malbec 2016 ,0.9545454545454546
Artazu San Fiasto Santa Restitusary Petite Sirah 2016 ,0.6341463414634146
Sloan Asterisk Proprietary Red Blend 2012 ,1.0
Alfaro Family Anderson Valley Chardonnay 2014 ,0.8292682926829268
Keller Estate Chardonnay 2016 ,0.9333333333333333
Graham's Sonoma Coast Syrah 2013 ,0.8253968253968254
Ghost Block Single Vineyard Cabernet Sauvignon 2014 ,0.9807692307692307
Domaine Lombard Vincent Girardin Pouilly Fuisse Sous ceir Un Xilen 2013 ,0.75
Robert Foley Vineyards Claret (1.5L Magnum) 1999 ,0.9183673469387755
Domaine Font-Mars Cabernet Sauvignon 2014 ,0.9761904761904762
Justin Isosceles Reserve 2010 ,1.0
House Wine Chardonnay 2014 ,0.8301886792452831
Philippe Colin Chassagne-Montrachet 2016 ,0.975609756097561
Poggio Antico 2012 ,0.6976744186046512
Carnbalas Radia Bichot Rose 2016 ,0.6229508196721312
Apaltagua Coleccion Pinot Noir 2017 ,0.9722222222222222
Joseph Drouhin Meursault Clos du Chateau 6 Cepages ,0.6666666666666666
Domaine Bousquet Merlot 2014 ,0.9655172413793104
Pecchenine Sauvignon Blanc 2016 ,0.84375
Eric Kent Smooie Red Wine Glass - Set of 4 ,0.759493670886076
Chateau Beau-Sejour Becot 2015 ,1.0
Kdine Guisse Lussy 2012 ,0.5614035087719298
Domaine des Grillemonts Saumur Venice Chardonnay 2016 ,0.7789473684210526
Dashe The Comet Red Blend 2014 ,0.967741935483871
Castello di Bolgheri Bolgheri Superiore 2016 ,0.9777777777777777
Joseph Phelps Freestone Vineyards Columbia Valley Cabernet Sauvignon (1.5 Liter Magnum) 2014 ,0.7407407407407407
Vinos Guerra Armas de Guerra Riserva 2012 ,0.891566265060241
Colgin IX Estate Red 2015 ,1.0
Xanadu Exmoor Cabernet Sauvignon 2011 ,0.9736842105263158
Santa Barbara Winery Reserve 2012 ,0.8354430379746836
La Crema Sonoma Coast Chardonnay 2013 ,0.9736842105263158
Umen Road Cellars Petite Sirah 2016 ,0.7941176470588235
Palauli Casaliha Serra 2013 ,0.6440677966101694
Armand de Toreau Old Vine Grenache Elivette 2015 ,0.6666666666666666
Alfaro Family Trouillet Cotes du Rhone Rouge 2016 ,0.6987951807228916
Forlorn Hope Ost Hills Chardonnay 2014 ,0.7142857142857143
Glorious Morines Old Vines Chenin Blanc 2017 ,0.7380952380952381
Ponga Albarino 2017 ,0.8780487804878049
Mullineux Family Wines Straw Wine (375ML half-bottle) 2016 ,1.0
J Vineyards Pure Red 2015 ,0.8333333333333334
Andreville Cabernet Sauvignon 2016 ,0.8787878787878788
Clos du Bois California Cabernet Sauvignon 2015 ,0.9791666666666666
rock &amp; Vine Cabernet Sauvignon 2016 ,0.975
J.J. Christoffel Riesling Grand Cru Glass ,0.7397260273972602
Listry Chenin Blanc 2014 ,0.8163265306122449
Big Basin Woodruff Family Vineyard Chardonnay 2015 ,0.803921568627451
Regis Bouvier Bourgogne Pinot Noir ,0.9333333333333333
Gary Farrell Russian River Pinot Noir 2016 ,1.0
Vacault Sancerre Le Bouquet Rose of Pinot Noir 2017 ,0.8210526315789474
Dos Connepotte Pouilly-Fume (375ML half-bottle) 2006 ,0.8235294117647058
Cayuse God Only Knows Armada Vineyard 2014 ,1.0
Synclante Sangiacomo Vineyard Chardonnay 2016 ,0.8666666666666667
Anthill Farms Campbell Ranch Vineyard 2015 ,0.8865979381443299
Louis Bernard Cotes du Rhone 2010 ,0.9705882352941176
Giunata Negra Brut Nature 2011 ,0.7352941176470589
Domaine Frant Vara Cabernet Sauvignon 2016 ,0.8705882352941177
Olivier Leflaive Chassagne-Montrachet 2016 ,1.0
Anobeix Zinfandel 2016 ,0.8085106382978723
The Palm by White Big Riesling 2017 ,0.6865671641791045
Red Car Ritchie Vineyard Chardonnay 2015 ,0.975609756097561
Castle Rock Mendocino Claret 2016 ,0.759493670886076
Tomer Heritage Sirello 2003 ,0.6274509803921569
Domaine Follin-Arbelet Comte Legende Limballis Freres Sancerre Les Grands Chenes (Futures Pre-Sale) 2017 ,0.6064516129032258
Duckhorn Napa Valley Cabernet Sauvignon 2010 ,0.9777777777777777
Domaine des Roses Rose 2017 ,0.8275862068965517
Domaine Lima Pinot Gris 2017 ,0.7843137254901961
Schramsberg Blanc de Blancs 2012 ,0.9696969696969697
Frank Family Vineyards Chardonnay 2016 ,1.0
Miura Vineyards Planet Gevrey-Chambertin Combettes 2016 ,0.6666666666666666
Piper-Heidsieck Cuvee Brut (375ML half-bottle) ,1.0
Silver Trini ,0.6857142857142857
Vengot Sauvignon Blanc 2017 ,0.8813559322033898
Beaulieu Vineyard Rutherford Cabernet Sauvignon 2013 ,0.9811320754716981
Andrea Oberto Barbera d'Alba 2015 ,0.9705882352941176
Au Bon Climat Isabello 2015 ,0.8059701492537313
Cloudy Bay Pinot Noir 2014 ,0.9629629629629629
Conceito Contraste Tinto 2013 ,0.9666666666666667
Donnafugata SurSur Grillo 2017 ,1.0
Carol-Joliette Bello 2003 ,0.631578947368421
Frank Family Vineyards Red Blend 2015 ,0.8571428571428571
Chateau Hosanna 2006 ,0.9047619047619048
14 Hands Dours Geardet 2000 ,0.6808510638297872
Chateau Canon 2001 ,0.9473684210526315
Plan Pegau Estate Red 2011 ,0.9629629629629629
Anderson's Conn Valley Vineyards Napa Valley Merlot 2014 ,0.8412698412698413
Robert Mondavi Napa Valley Chardonnay (375ML half-bottle) 2004 ,0.8333333333333334
JCB No. 21 Blue Graces Barrels 2016 ,0.5757575757575758
Domaine Grand Cotes du Jura 2014 ,0.8421052631578947
Tilia Merlot 2016 ,0.9444444444444444
Clos de Nit Montilla Selekinal Cotes du Rhone 2007 ,0.6304347826086957
Amuse Bouvier Vennum Vineyard Pinot Noir 2015 ,0.7654320987654321
Vineyard 7 and 8 Estate Cabernet Sauvignon 2013 ,0.9791666666666666
Conundrum Red Blend 2015 ,0.96
Sloan Proprietary Red 2000 ,0.9629629629629629
Chateau Prieure-Lichine (Futures Pre-Sale) 2016 ,1.0
McManis Family Vineyards Barbera 2017 ,0.9736842105263158
Col d'Orcial Rose 2018 ,0.7346938775510204
Lichen Pere &amp; Fils Gevrey-Chambertin 2007 ,0.851063829787234
Justin Isosceles 2015 ,1.0
Behrens &amp; Hino Desir Gruner Veltliner 2015 ,0.7045454545454546
Manzoni Chardonnay 2015 ,0.9583333333333334
Arianne White Blend 2015 ,0.7755102040816326
Sables d'Azur Rose 2016 ,0.9583333333333334
Krappille Oria Blend Pinot Noir 2017 ,0.7012987012987013
Domaine Michel Gros Nuits-St-Georges Ronciere Premier Cru 2013 ,0.8888888888888888
Vino Noble Shooting Spilly Red 2016 ,0.625
Louis Ladoine Pauna 2009 ,0.6666666666666666
Mullineux Family Wines Sonoma Coast Pinot Noir 2014 ,0.7956989247311828
Domaine de Colette Mountain 2010 ,0.84375
Louis Jadot Beaujols Ranch Pinot Noir 2014 ,0.7605633802816901
Colgin Tychson Hill Vineyard Cabernet Sauvignon 2013 ,1.0
Anthill Farms Comptche Ridge Special Selection Cabernet Sauvignon 2008 ,0.75
Sine Qua Non Demi-Sec ,0.6428571428571429
Hundred Acre Deep Time Cabernet Sauvignon 2013 ,0.9574468085106383
Crossbarn by Paul Hobbs Napa Valley Cabernet Sauvignon 2014 ,0.9833333333333333
Chateau Lynch-Bages 2011 ,1.0
Anderson's Conn Valley Vineyards Prologue Chardonnay 2016 ,0.9827586206896551
Bacigalupa Piccolo Chenin Blanc 2017 ,0.71875
Catena Alta Chardonnay 2015 ,1.0
Brick &amp; Joel Gowny Port ,0.5614035087719298
Leone de Castris Verdeca 2016 ,0.7631578947368421
Villa Creek Cabernet Sauvignon 2007 ,0.88
Bond Pluribus 2008 ,1.0
Robert Sinskey Lorra Chardonnay 2011 ,0.7384615384615385
Domaine des Balf-bottle) 2017 ,0.6885245901639344
Chateau Ducru-Beaucas de la Bina Rosso 2014 ,0.7466666666666667
Bouchard Pere &amp; Fils Brut Blanc de Blancs ,0.7727272727272727
La Fenetri Barbaresco 2014 ,0.7843137254901961
Austerity Pinot Noir 2016 ,1.0
Chateau Pavie Macquin 2006 ,1.0
Chateau Ste. Michelle Columbia Valley Syrah 2013 ,0.9795918367346939
Pommery By Willow's Cuvee Cabernet Sauvignon 2014 ,0.7469879518072289
Renwood Winery BBQ Zinfandel 2013 ,0.9705882352941176
Save Marton Rouge 2012 ,0.6785714285714286
Duck Sauvignon Blanc 2015 ,0.8928571428571429
Ramey Napa Valley Merlot 2016 ,0.8666666666666667
Fleur de California Chake Pinot Noir 2014 ,0.896551724137931
Cellers Can Blau Blau 2017 ,1.0
Rock &amp; Vine Cabernet Sauvignon 2014 ,0.975
Peachy Canyon Ciel du Casse Nude 2016 ,0.7605633802816901
Weingut Hirsch Zast Chardonnay 2016 ,0.7878787878787878
Wines Cuvee Central Coast Rose 2017 ,0.7076923076923077
Chateau Ste. Michelle Rose 2017 ,0.96875
Clos Santery Pinot Noir 2015 ,0.8571428571428571
Chateau de Chantegrive Pinot Noir 2015 ,0.7323943661971831
Cultivar Cabernet Sauvignon 2012 ,0.9696969696969697
JCK Wet Springs Vineyard Pinot Noir 2013 ,0.8095238095238095
Stephen Vincent Pinot Noir 2016 ,1.0
Rombauer Chardonnay (375ML half-bottle) 2006 ,0.9555555555555556
Quinta do Luna Nossan Vineyard Xino Vineyard Pinot Noir 2015 ,0.7155963302752294
Floria Fino Cervera Sonoma Zinfandel (375ML half-bottle) 2017 ,0.7610619469026548
Antinori Marciano Vineyard Grenache 2012 ,0.7407407407407407
Bucci Villa Bucci Riserva Verdicchio 2014 ,0.9761904761904762
Clos Cibonne Cotes de Provence Rose 2017 ,0.8817204301075269
Brezza Swench Cabernet Sauvignon 2010 ,0.8235294117647058
CVNE Contino 2013 ,0.7727272727272727
Bevan Cellars Tench Vineyard Cabernet Sauvignon 2011 ,0.9811320754716981
Chateau Bastor-Lamontagne Saumur-Champigny Terres Francs Cru 2016 ,0.6299212598425197
Berlucching Cuvee Pinot Noir 2010 ,0.7213114754098361
Domaine Louis Moreau Chablis 2017 ,0.9705882352941176
Colosi Rosso ,0.6896551724137931
Cono Sur Bicicleta Cabernet Sauvignon 2015 ,1.0
Pio Cesare Barbaresco Langhe Nebbiolo 2016 ,0.8
Helen &amp; Joel Red 2016 ,0.7384615384615385
Casa Pinot Noir 2016 ,0.9090909090909091
Byrigen Vineyard Pinot Noir 2004 ,0.8611111111111112
Chateau - Cabernet / Merlot Grand Cru Glasses - Set of 4 ,0.6949152542372882
Robert Craig Cellars Appellations Citwile Chardonnay 2016 ,0.7413793103448276
Chateau Clos Marsalette Clos du Four 2012 ,0.7111111111111111
Il Poder Flor de Colghain Pinot Noir ,0.6666666666666666
anchi Cabernet Sauvignon 2014 ,0.9206349206349206
Cave Cleu Cabernet 2015 ,0.72
RL Buller Fine Victoria Tiara 2014 ,0.7333333333333333
Convento de Plan Rubenopre Vineyard Cabernet Sauvignon 2014 ,0.7572815533980582
Miguel Torres Las Mula Sauvignon Blanc 2017 ,0.7848101265822784
Apriori Cellar + Cellars Left Vineyard Cabernet Sauvignon 2015 ,0.7758620689655172
Korbin Kameron Cabernet Franc Reserva 2016 ,0.7560975609756098
Joel Gott Blend Sauvignon Blanc 2016 ,0.8823529411764706
Londer Vineyards The Araucte de Branaine 2001 ,0.6236559139784946
Gueglau tes Vers Chardonnay 2016 ,0.7457627118644068
Helen &amp; Joey Alena Cabernet Sauvignon 2010 ,0.9787234042553191
Henschke Croft Cabernet Sauvignon 2017 ,0.821917808219178
Borgo Scopeto Chianti Classico Riserva 2014 ,0.875
Cloos Rossis 2015 ,0.7058823529411765
Bucola Brut ,0.6896551724137931
Produttori del Cabernet Sauvignon 2013 ,0.8333333333333334
Heinz Eifel Rose ,0.7333333333333333
De Martino Estate Cabernet Sauvignon 2013 ,0.9761904761904762
Vinos Guerra White Blend ,0.6557377049180327
Banshee Leoven Red Blend 2016 ,0.7307692307692307
Hearst Ranch Chilenous Pegouillots 2014 ,0.7948717948717948
Joseph Jewell Grist Cabernet Sauvignon 2012 ,0.8395061728395061
Two Hands Hon Old Vines Marsanne 2007 ,0.6197183098591549
White Rock Vineyards Claret Cabernet Sauvignon 2013 ,0.9278350515463918
Vaughn Duffy Sauvignon Blanc 2017 ,1.0
Beauxe Maria De Cuyverneau 2016 ,0.625
Hope Estate Third Mandrid Red Blend 2015 ,0.696969696969697
Big Smooth Old Vine Zinfandel 2016 ,0.9714285714285714
Laurier Vineyards Freis Cabernet Sauvignon 2005 ,0.8314606741573034
Domaines Babre Albarino 2017 ,0.7540983606557377
Billaud-Simon Chablis Mont de Milieu Premier Cru Rouge 2016 ,0.8305084745762712
Jean-Claude Boisset Pinot Bianco 2017 ,0.75
Caposaldo Chianti 2017 ,0.9565217391304348
Domaine Jean Franciacorta Rose ,0.6779661016949152
A.J. Adaming Cabernet Sauvignon 2012 ,0.8235294117647058
Lake Sonoma Winery Dry Creek Valley Zinfandel 2015 ,0.9803921568627451
Six Degrees Cellars Chardonnay 2014 ,0.9722222222222222
Cellers Can the Moonlight Riesling 2016 ,0.7123287671232876
Don Rodolfo Pinot Noir 2015 ,0.9642857142857143
Cypress Sauvignon Blanc 2017 ,0.8928571428571429
Nikolaihof Vinothek Rose ,0.7796610169491526
Chateau Clinet (Futures Pre-Sale) 2017 ,0.9743589743589743
Henschke Croft Caoly Cabernet Sauvignon 2010 ,0.7631578947368421
Antica Townsend Vineyard Pinot Noir 2014 ,0.7848101265822784
Michel Gassier Costieres de Nimes Red Blend 2014 ,0.8113207547169812
Lucien Le Moine Chardonnay 2014 ,0.7931034482758621
Vidal-Fleury Cotes du Rhone Vin Gourmand Blanc de Blancs ,0.7291666666666666
A Portelli Chianti Classico 2015 ,0.835820895522388
Black Sheep Finds Holus Coldi 2017 ,0.8157894736842105
Gaia Notiose Vineyard Chardonnay 2016 ,0.8311688311688312
Clos Pegase Mitsuko's Vineyard Chardonnay 2015 ,0.9787234042553191
Bodega Colombo Red Blend 2016 ,0.7419354838709677
Neely Spring Ridge Vineyard Pinot Noir 2014 ,0.8514851485148515
Mont-Marcal to Et 2004 ,0.6206896551724138
Pierre Gobillard Rose Brut ,1.0
La Vie de Murchella Rufina 2016 ,0.6
Chateau Souverain Sauvignon Blanc 2018 ,0.9743589743589743
Donati Family Vineyards Rutherford Cabernet Franc 2016 ,0.8686868686868687
Tikves Jacques Perrin Vineyard Chardonnay 2015 ,0.7472527472527473
Chanin Bien Nacido Vineyard Gewurztraminer 2016 ,0.782608695652174
Black Sheep Finds Hocus Pocus Syrah 2014 ,1.0
Clau de Nell Grolleauct 2014 ,0.9285714285714286
Pepperwood Grove Cabernet Sauvignon ,1.0
Brander Cuvee Inspirado Red 2013 ,0.6666666666666666
Beringer Sonoma Coast Chardonnay 2014 ,0.8571428571428571
Turley Old Vine Zinfandel 2014 ,0.8387096774193549
Jeff Cohn Cellars Haley's Reserve Cabernet Sauvignon 2005 ,0.8173913043478261
Bouchard Pere &amp; Fils Nuits-St-Georges 2015 ,1.0
Lechthaler Zweigelt Crozeo Relle Village (375ML half-bottle) 2005 ,0.6567164179104478
Col d'Orcia Brunello di Montalcino 2009 ,0.95
Robert Cantin Les McKarglier Vineyard Chardonnay 2002 ,0.7446808510638298
Chateau Leoville Las Cases (Futures Pre-Sale) 2016 ,1.0
Brandlin Cabernet Franc 2014 ,0.8727272727272727
Century Cellars Zinfandel 2014 ,0.8387096774193549
Benovia Rosso 2016 ,0.7906976744186046
Mullineux Family Wine Company Clos 2015 ,0.7837837837837838
Chappellet Mountain Cabernet Sauvignon 2016 ,0.8674698795180723
Ciacci Piccolomini d'Aragona 2013 ,0.9041095890410958
Bettor-Giliteva Campollia 2017 ,0.5666666666666667
Riedel Souh de Cuvee Meursault Les Golgenti 2015 ,0.6464646464646465
Chateau Tinto 2015 ,0.8421052631578947
Lucas &amp; Godiva Gift Box) 2016 ,0.6875
Trig Point Railyard Vineyard Cabernet Sauvignon (1.5 Liter Magnum) 2004 ,0.8405797101449275
Juve Y Camps Cava Graccino 2016 ,0.7397260273972602
Iron Horse Unoaked Chardonnay 2016 ,0.9714285714285714
Domaine Seguinot-Boudots Premier Cru 2014 ,0.7529411764705882
San Filippo Brunello di Montalcino Riserva Villafream Reserve The Contours Riesling 2013 ,0.6330935251798561
Pomelo Paillaco Coro de Hanwood Albarino 2017 ,0.6666666666666666
Conceito Douro Somasso Rosso 2015 ,0.7333333333333333
Undurry's Leap Estate Reserve 2016 ,0.6461538461538462
Chateau Coutet (Futures Pre-Sale) 2017 ,1.0
Bleach-Bas Sauvignon Blanc 2017 ,0.847457627118644
Philippe Dive La Remiso Rose 2017 ,0.6071428571428571
Chateau Terriere Brouilly Vieilles Vignes 2011 ,0.7727272727272727
William Fevre Chablis Vaillons Premier Cru 2015 ,0.9791666666666666
Plan Vineyards Joy 2007 ,0.7547169811320755
Chapel Covee Rose 2017 ,0.7692307692307693
Yalumba The Octavides Rouge 2015 ,0.6933333333333334
Celler del Roure Vermouth Rouge ,0.7419354838709677
Txonos Paul Hallberg Charlie's Moullydooy 2014 ,0.5287356321839081
Bleckson Malbec 2017 ,0.8
Fattoria Sagdi Vermentino di Borge Le Rossi Conecci Pinot Grigio 2015 ,0.5945945945945946
Peter Mathis Uber Rouge 2014 ,0.8064516129032258
Kanotherf Estate Chardonnay 2016 ,0.8387096774193549
J. Davies Cabernet Sauvignon 2013 ,0.9705882352941176
EOS Punta Perescle Di 2016 ,0.6122448979591837
Kuleto Estate Naturel Sauvignon Blanc 2016 ,0.8354430379746836
Clos LaChance Celillero Chardonnay 2012 ,0.7674418604651163
Lava Cap Reserve Cabernet Sauvignon 2010 ,0.8648648648648649
Andre Brunel Chateauneuf-du-Pape Blanc 2013 ,0.9024390243902439
Minuty Bon Chardonnay 2014 ,0.8301886792452831
Bedrock Wine Company Weill a Wature Alexander Valley Chardonnay (375ML half-bottle) 2017 ,0.68
Bonny Sochette Pinot Noir 2015 ,0.7666666666666667
Boschendal Cabernet Sauvignon Grand Vin 2013 ,0.7466666666666667
Gruet Blanc de Blanc 2013 ,0.9433962264150944
The Withers Belgia de Otour Chardonnay 2016 ,0.704225352112676
Casa Silva Sauvignon Blanc 2016 ,0.8275862068965517
Joseph Phelps Backus Vineyard Cabernet Sauvignon 2014 ,0.9814814814814815
Toscolo Chianti Classico 2016 ,1.0
Sottimano Barbera d'Alba 2014 ,0.8285714285714286
Bouchard Pere &amp; Fils Beaune Clos du Roi Grand Cru 2009 ,0.7967479674796748
3 Deri Rose 2017 ,0.7878787878787878
Mueller Emily's Cuvee Alta Cabernet Sauvignon 2013 ,0.7555555555555555
Domaine Lafond Roc-Epine Rouge 2014 ,0.8974358974358975
Rancho Sisquoc Pinot Noir 2014 ,0.967741935483871
Andrew Rich Croft Chardonnay 2013 ,0.7692307692307693
Cochon Old Vine Pinot Noir 2015 ,0.835820895522388
Stony Hill White Blend 2013 ,0.8135593220338984
El Esteco Don David Reserve Zinfandel 2016 ,0.8292682926829268
Limour du Coult Cabernet Sauvignon 2016 ,0.8
Maggio Family Vineyards Estate Chardonnay 2014 ,0.896551724137931
Kokomo Wines Cuvee Red 2016 ,0.9642857142857143
Anderwontesi Brovia Pinot Noir 2014 ,0.7384615384615385
Domaine de la Charbonniere Chigas Ligureau Sauvignon Blanc 2017 ,0.7387387387387387
Chateau Lynch-Bages (Futures Pre-Sale) 2017 ,1.0
Floria Faillard Beaujolais Riesling 2014 ,0.675
Sojourn J. Pireites Rouge Clos de Choue Premier Cru 2016 ,0.6727272727272727
Katan The Bundrer Riesling Tree Vilianie 2015 ,0.6444444444444445
Ghost Pines Cabernet Sauvignon 2011 ,0.9722222222222222
Maltoranos Old Vine Asosels 2012 ,0.6779661016949152
Jamieson Ranch Vineyards Double Lakey Reserve Cabernet Franc 2014 ,0.8062015503875969
Hilliard Alta Chardonnay 2015 ,0.8235294117647058
Flora Springs Family Estate GM Selsee A P #0502 2009 ,0.6185567010309279
Celle Glailly La Pessisalles Vieilles Vignes 2015 ,0.631578947368421
Loring Wine Company California Cabernet Sauvignon 2012 ,0.8041237113402062
Alban Pangok Cabernet Sauvignon 2016 ,0.8405797101449275
Amici Cava Black 10 Year Old Tawny Port ,0.6956521739130435
Tenuta Luisa Cabernet Franc 2014 ,0.9696969696969697
Chateau Monbousquet (Futures Pre-Sale) 2017 ,1.0
Monte Antico Supremullo 2013 ,0.9285714285714286
Brooks Rastaban 1999 ,0.6792452830188679
Cayuse Biore Cabernet Sauvignon 2005 ,0.8333333333333334
Zepalomos Central Coast Rose 2017 ,0.7619047619047619
Peter Paul Autor Legend Cream Petite Sirah 2016 ,0.6744186046511628
Behrens &amp; Hitchcock The Heavyweight (1.5L Magnum) 1996 ,0.9322033898305084
Tyler Winery Sanfirolo Pinot Grigio 2017 ,0.746268656716418
Grimm's Blufolio Les Glau de Carvin Reserve Cabernet Sauvignon 2014 ,0.7394957983193278
Miura Vintage Port 2016 ,0.8333333333333334
Luca Bosio Barbera d'Asti 2016 ,0.967741935483871
Noble Vines 446 Monoprieto 2017 ,0.7272727272727273
Chateau Ste. Michelle Indian Wells Vineyard Chardonnay 2016 ,1.0
Domaine de Durban Muscadet Sevre White Cabernet Sauvignon 2015 ,0.72
Aubert Ladoix Howell Mountain Cabernet Sauvignon 2015 ,0.8627450980392157
Dunn Howell Mountain Cabernet Sauvignon 2014 ,1.0
Camigliano Gensieres Premier Cru 2015 ,0.6590909090909091
Mullineux Family Winemakers Flaus in Scotch Batz Tawny Port ,0.5818181818181818
Kuleto Estate Estate Chardonnay 2015 ,0.972972972972973
Domaine Michel Gros Premier Cru 2015 ,0.7631578947368421
Pecchenino Bricco Botti Dogliani Superiore Dolcetto 2016 ,0.9824561403508771
Popcorn Chardonnay 2015 ,1.0
Au Bon Climat Santa Barbara Pinot Noir 2014 ,0.9772727272727273
Ruffino Riserva Ducale Oro 2007 ,0.7407407407407407
Poggio al Tesoro Solochettor Sauvignon Blanc 2017 ,0.6987951807228916
Clos Cibonne Cotes de Provence Unoaked Chardonnay 2015 ,0.7476635514018691
Kooyong Ferrous Pinot Noir 2014 ,0.96875
Dog Point Vineyard Cabernet Sauvignon 2007 ,0.8395061728395061
Cesar Florido Cellars Sonoma Coast Pinot Noir 2017 ,0.8421052631578947
Domaine des Grillemonts Saumur Rose 2017 ,1.0
Dona Paula Lucchion Cabernet Sauvignon 2016 ,0.8
Chateau de Segries Tavel Rose 2017 ,1.0
Scar of the Obses Rose 2017 ,0.7
Loveblock Sauvignon Blanc 2017 ,1.0
Famille Perrin Cotes du Rhone Villages Seguret Sauvignon Blanc 2016 ,0.7627118644067796
Madrigal Vineyards Cabernet Sauvignon 2013 ,0.8791208791208791
Clos Du Val Cabernet Sauvignon 2012 ,0.8860759493670886
Donnhoff Oberhauser Brucke Riesling Eiswick Adolaph Syrah 2015 ,0.7478260869565218
Jean Loron Chardonnay 2016 ,1.0
Joseph Jewell Russian River Valley Chardonnay 2015 ,0.9803921568627451
Chofflette Lyphway 1287 Cabernet Sauvignon 2015 ,0.7469879518072289
Lecheneaut Nuits-St. Georges 2014 ,1.0
Vineyard 7 and 8 Estate Cabernet Sauvignon Howell Mountain 2013 ,0.8392857142857143
Jacuzzi Primitivo 2014 ,0.9565217391304348
Fermano Chianti Colli Senesi 2016 ,0.8285714285714286
30 Yeart Mount Chardonnay 2016 ,0.7777777777777778
Brundlmayer Kregady Cabernet Sauvignon (375ML half-bottle) 2000 ,0.8135593220338984
Giornata Sounds Pinot Noir 2014 ,0.8125
Apaltagua Passimentia Barbera d'Asti 2016 ,0.684931506849315
Don Rodolfo Pinot Nero 2015 ,0.8928571428571429
Altocedro Vermentino di Gallura Super Gramer's Terra de Latour Aloxe Corton 2015 ,0.5714285714285714
Joseph Drouhin Cote de Nuits Villages 2014 ,0.9767441860465116
Lesimple Lella Viusor Black Magnum 2014 ,0.6086956521739131
Delaire Graff Chenin Blanc 2017 ,1.0
Bouchaine Estate Chardonnay 2009 ,0.9393939393939394
Syncredel TBRate Roty Chardonnay 2015 ,0.7058823529411765
Crowletto Castelmamo Chardonnay 2012 ,0.704225352112676
Kim Bohr Reserve Red Blend 2014 ,0.7123287671232876
Fat Cantour Chardonnay 2016 ,0.8333333333333334
Noon Eco Vineyards Reserve Claret 2013 ,0.7857142857142857
Ruffino Il Ducale Pinot Grigio 2017 ,0.9722222222222222
Marcassin Marcassin Vineyard Pinot Noir 2016 ,0.9777777777777777
Scarecrow Cabernet Sauvignon 2016 ,0.9705882352941176
Poggio San La Rocche di Castagnole Monferrato 2017 ,0.7476635514018691
19 Crimes The Band 2014 ,0.84
Il Mourvedre 2015 ,0.7619047619047619
Cloudy Bay Chardonnay 2016 ,1.0
Pol Roger Blend M Chardonnay 2014 ,0.75
Leese-Fitch Cabernet Sauvignon 2014 ,0.9722222222222222
Duorum Columbia Valley Syrah 2016 ,0.8055555555555556
Chateau Les Grands Chenes (Futures Pre-Sale) 2017 ,1.0
Domaine de Rouge Rose d'Espie Original 2015 ,0.6341463414634146
Avalonkon Estate Grown Merlot Cabernet Sauvignon 2014 ,0.7524752475247525
Twin Islands Claret 2015 ,0.7547169811320755
Ferreira Esteva Laga White 2016 ,0.7547169811320755
Ridge Pacer White Blend ,0.6428571428571429
Hitching Post Big Cido Vineyard Pinot Noir 2010 ,0.8181818181818182
Aubert La Coulti Garnacha Blanca 2017 ,0.7027027027027027
Merryvale Sauvignon Blanc 2016 ,0.967741935483871
Secret Indulgence Estate Sauvignon Blanc 2015 ,0.7906976744186046
Riedel Black Tie Decanter ,1.0
Scribe Cortese 2016 ,0.6829268292682927
Joseph Phelps Cabernet Sauvignon 2016 ,1.0
Beaulieu Vineyard Bee Block CSM 2015 ,0.7222222222222222
Finca Villafranca 2016 ,0.7368421052631579
Adora Suvear Red 2016 ,0.75
Duval-Leroy Brut Reserve ,1.0
Artesa Chardonnay 2016 ,0.8695652173913043
Barboursville Nebbiolo Reserve (1.5 Liter Magnum) 1998 ,0.7252747252747253
Azul y Garanza Garciano 2014 ,1.0
Colgin Tychson Hill Calez de Bellefon Blanc de Blancs 2015 ,0.6105263157894737
Rocca delle Martin Sauvignon Blanc 2017 ,0.7837837837837838
Waits-Mast Family Cellars Bearita Etna Rosso 2013 ,0.7474747474747475
Titures White Blend 2012 ,0.7346938775510204
Realm The Absurd (1.5L Magnum) 2014 ,1.0
Balletto Winery Russian River Valley Chardonnay 2015 ,0.8282828282828283
Regis Bouvier Blanc de Blancs Vignes (500ML) 2013 ,0.6419753086419753
Etude Sta. Rita Hills Syrah 2017 ,0.7894736842105263
Ridge Three Rip Chardonnay 2016 ,0.7796610169491526
Keenan Napa Valley Merlot (375ML half-bottle) 2015 ,1.0
Gruet Blanc de Noirs (375ML half-bottle) ,1.0
Penfolds Blew Rose 2017 ,0.75
Kalen Pinot Noir 2016 ,0.9090909090909091
Marchesi di Family Cabernet Sauvignon 2011 ,0.875
Boutari Naop 2016 ,0.8205128205128205
Stony Hill White Blend ,0.7407407407407407
Laurent-Perrier La Riotte Pinot Noir 2016 ,0.7123287671232876
Andrew Rich Martan County Cabernet Sauvignon 2014 ,0.7526881720430108
Luca Beso de Barrantano Cabernet Sauvignon 2012 ,0.7578947368421053
Scholium Project Andes Albarino 2017 ,0.7435897435897436
Ironstone Chenin Blanc 2014 ,0.9642857142857143
Ruffino Imperial Reserva 2006 ,0.6666666666666666
Banshee Mordecai Proprietary Red 2014 ,0.9736842105263158
Balverne Cabernet Sauvignon 2017 ,0.9696969696969697
Chateau d'Yquem Sauternes (375ML half-bottle) 2014 ,1.0
Barnett Vineyards Peacocches Vineyard Block 10 (375ML half-bottle) ,0.6290322580645161
Ryme Las Beaune Clos de Cuepa Cava Brut ,0.5555555555555556
Amici Chardonnay 2015 ,0.8444444444444444
Robert Mondavi Napa Valley Cabernet Sauvignon 2013 ,0.9803921568627451
Bailly Lapierre Blanc de Blancs ,0.7419354838709677
Billaud-Simon Chablis Mont de Milieu Premier Cru Chablis 2012 ,0.8
Domaine de la Mordoree Chateauneuf-du-Pape 2014 ,0.8631578947368421
Tenuta Salderiza Pere Muriel Vermentino 2017 ,0.6506024096385542
Chateau des Beau 2013 ,0.8095238095238095
Domaine Thibault Liger-Belair Volnas Vignes Pinot Noir 2014 ,0.7387387387387387
Chateau Grand Barrail Lamarzelle Figeac 2016 ,1.0
Baileya Form Sauvignon Blanc 2018 ,0.8125
Benanti Etna Rosso 2016 ,1.0
Wild Horse Cabernet Sauvignon 2014 ,1.0
Loire Petite Sirah 2014 ,0.84
Four Vines Big Store Creek Vineyard Cabernet Sauvignon 2012 ,0.7766990291262136
Luddite Saboteur Cetailler Old Vine Riesling 2015 ,0.6585365853658537
Chateau Teyssier 2017 ,0.9545454545454546
In Point Costama Decanter ,0.6122448979591837
Downes Family Estate Pinot Noir 2014 ,0.8378378378378378
Frisson Wines Bigun Drap Futures Provence Rose 2007 ,0.5882352941176471
Pride North Pinot Noir 2017 ,0.7936507936507936
Clos Fourtet (1.5 Liter Futures Pre-Sale) 2017 ,0.9306930693069307
HobNob Pinot Noir 2014 ,0.9565217391304348
Luigi Borbelee Combottes Premier Cru 2013 ,0.6226415094339622
Louis Bouillot Perle de Nuits Villages 2014 ,0.7865168539325843
Domaine Chaume-Arnaud Cotes du Rhone 2016 ,1.0
Sterling Napa Cabernet Sauvignon 2016 ,1.0
Clos du Bois Pinot Noir 2014 ,0.9655172413793104
Lillet Blanchottoria Rose 2015 ,0.6451612903225806
Chateau Chauvin (Futures Pre-Sale) 2017 ,0.975
Bouchard Pere &amp; Fils Beaune Clos du Fonteny Corkscrew ,0.6991869918699187
Twooty Vineyards Reserve Cabernet Sauvignon 2010 ,0.875
Punt Road Zinfandel 2014 ,0.7659574468085106
St. Innocent Zenith Vineyard Pinot Noir 2014 ,1.0
Indaba Chardonnay 2014 ,0.9565217391304348
Domaine Dupoy Cabernet Sauvignon 2016 ,0.8533333333333334
Ojai Pinot Noir 2013 ,0.8837209302325582
De Martino Estate Cabernet Sauvignon Howell Mountain 2012 ,0.8727272727272727
Nautilus Clos de Malte Blanc 2016 ,0.675
Twow Miner Vineyard Pinot Noir 2005 ,0.7887323943661971
Tilia Towno 2006 ,0.7222222222222222
Secret Indulgence Evolucciano Chianti Classico Riserva (375ML half-bottle) 2014 ,0.7586206896551724
Yalumba Late Bonneville Brut ,0.6086956521739131
BonAnno Pinot Noir 2015 ,0.9583333333333334
Cellar Pinol Performal Cotes du Rhone St. Esprit Rose 2016 ,0.7920792079207921
Despaud Cabernet Sauvignon (6 Liter Bottle) 2014 ,0.7964601769911505
Aubert Laroche Chablis 2015 ,0.6545454545454545
Andrew Will Winery Merlot 2016 ,1.0
McManis Family Vineyards Merlot 2016 ,0.972972972972973
Dashe Todduria Pinot Noir 2015 ,0.7636363636363637
Hayes Ranch Cabernet Sauvignon 2014 ,0.9722222222222222
Domaine Dubois Bernard Chorneau (Futures Pre-Sale) 2017 ,0.7524752475247525
Viva Italice Pinot Grigio 2017 ,0.819672131147541
Bodegas Intesins Cabernet Sauvignon 2016 ,0.8266666666666667
Hugel Riesling 2017 ,0.95
Byris Rose 2017 ,0.8387096774193549
Saxum Terry Hills Chardonnay 2013 ,0.7868852459016393
Guigal Chotard Cabernet Sauvignon 2008 ,0.8
Inparre Farm Albarino 2017 ,0.84
Seghesio Home Ranch Zinfandel 2012 ,0.9714285714285714
Domaine Amido Tavel Rose 2017 ,0.782608695652174
Ancient Peaks Paso Robles Montmains Paso de Milieu Premier Cru Chablis 2015 ,0.7272727272727273
A Trine Le Rochoy 2017 ,0.6909090909090909
Roucert Pas De Barrel Auction) 2014 ,0.625
Chateau de Cy Fleurie 2015 ,0.7843137254901961
Cristolanco Chardonnay 2017 ,0.8301886792452831
Chateau Gian 2004 ,0.8421052631578947
Chateau Marlborough Les Brugueres 2015 ,0.65
Cenyth Red Blend 2016 ,0.9545454545454546
Chateau Ste. Michelle Cold Creek Vineyard Cabernet Sauvignon 2016 ,0.9848484848484849
Kay Brothers Block 6 Shiraz 2013 ,1.0
Giornata Barbera 2016 ,0.9545454545454546
Hearst Ranch Pico Creek Chardonnay 2015 ,0.8421052631578947
McIntyre Estate Chardonnay 2014 ,0.96875
Rutherford Vintners Chardonnay 2016 ,0.9722222222222222
Clarks delle Tempranillo 2015 ,0.75
Haine les Paleta Non Alma Rosado 2016 ,0.6486486486486487
Vino Noceto San Martinula 2010 ,0.711864406779661
Big Quinta do Noval Noval di Montepulciano Riserva 2013 ,0.7102803738317757
Pope Pinot Noir 2015 ,0.8780487804878049
Valdespino Pecorino 2016 ,0.7659574468085106
William Fevre Chablis 2015 ,0.8387096774193549
Duckhorn Napa Valley Cabernet Sauvignon 2015 ,1.0
Calina Cava Brut Reserva ,0.8
Saint Coste Londee de Tonnes Blanches 2013 ,0.6304347826086957
Ruffino Bonzana Tinto 2015 ,0.6666666666666666
Seghesio Sonoma Zinfandel (375ML half-bottle) 2006 ,0.9803921568627451
Le Pelley Mas No. Bourgogne Pinot Noir 2015 ,0.7380952380952381
Beau Joie Sugard Moscato Rose 2017 ,0.684931506849315
Tournon Musert Cuttings 2017 ,0.6071428571428571
Kuleto Estate Grown Sauvignon Blanc 2018 ,0.8433734939759037
Baker Lane Chardonnay 2016 ,0.8888888888888888
Ken Forrester Petit Cabernet Sauvignon 2016 ,1.0
Ghost Block Sauvignon Blanc 2017 ,0.8571428571428571
Tilien Cotes du Jura Chardonnay 2013 ,0.8148148148148148
A.P. Vin Caldenet Red Blend 2012 ,0.7017543859649122
CottonWoor Cabernet Sauvignon 2014 ,0.8484848484848485
Stephen Vincent Chardonnay 2015 ,1.0
Johan Vineyards Old Dergeo Bridlego Blanc 2016 ,0.6436781609195402
Mira Winery Stanly Ranch Pinot Noir Rose 2016 ,0.9195402298850575
Feudo di Santa Tresa Purato Nero d'Avola 2016 ,0.9782608695652174
Pezzinger St. Laurent Blanc de Blancs ,0.7123287671232876
Chateau Ste. Michelle Mimosa Pinot Nero ,0.7692307692307693
Selby Cabernet Sauvignon 2013 ,1.0
Domaine Faiveley Noint Cabernet Sauvignon 2012 ,0.8095238095238095
Domaine Emile Beyer Deslano Clos Rochettes 2016 ,0.7070707070707071
Clos Fourchaume Petite Sirah 2016 ,0.7419354838709677
Uriondo Txakoli Bianco 2016 ,0.7352941176470589
Andrew Will Winery Merlot 2015 ,1.0
Bruce Patch Harris Krizzantei Reserve Bourgogne Blanc 2013 ,0.5932203389830508
Bouchard Aine &amp; Fils Pouilly-Fuisse 2014 ,0.9777777777777777
Cypress Cabernet Sauvignon 2015 ,0.96875
Johan Vineyards Estate Pinot Noir 2013 ,0.9367088607594937
Bouchard Santa Barbara County Pinot Noir 2017 ,0.8210526315789474
Domaine Fercherron Chateauneuf-du-Pape Vieilles Vignes 2014 ,0.8833333333333333
Meo-Celler Valley Pinot Noir 2016 ,0.7936507936507936
Domaine Bourillon-Dorlbothes Xamhas Cuvee Speciale Cuvee (3 Liter Bottle) 2009 ,0.5521472392638037
Giovanni Alment Corton Grand Cru (scuffed label) 1998 ,0.6612903225806451
Chateau Souverain Merlot 2015 ,0.9666666666666667
Chateau de Beauregard Cuvee Cabernet Sauvignon-Merlot 2014 ,0.7017543859649122
Fleur du Cap Chardonnay 2016 ,0.9655172413793104
Red Car Estate Gris 2015 ,0.75
Conde Villar Tinto Reserva 2012 ,0.8307692307692308
Rocca Family Vineyards Zinfandel 2014 ,0.8717948717948718
Bortolo Rosso di Montalcino 2015 ,0.8615384615384616
Sobon Estate Origin Secatelle 2016 ,0.7123287671232876
De Martino Legado Carignan 2015 ,0.8615384615384616
Feudi del Pisciotto Tenura Zingage 2012 ,0.6976744186046512
Banfi Bernardi Cuvee Blanc 2014 ,0.6896551724137931
Domaine de Beaurenard Cotes du Rhone Chateau Nencus 2013 ,0.8282828282828283
Clos Floridene Chardonnay 2014 ,0.7924528301886793
Ridge Pecorino 2017 ,0.7619047619047619
Oak Farm The Rose 2017 ,0.8
Borgo Scopeto Chianti Classico 2015 ,1.0
Pedralongal Rose 2017 ,0.7692307692307693
Gamble Family Vineyards Malbec 2016 ,0.8857142857142857
Clockwort Cabernet Sauvignon 2014 ,0.9411764705882353
Titus Cabernet Sauvignon 2016 ,1.0
Domaine D'Inclier Bendrone Barbera D'Aste Chatelaves 2016 ,0.5882352941176471
J. Lohr Wildfles Estate Semillon Sancerre 2017 ,0.64
Bouchaud Chardonnay 2016 ,0.88
Brick Barn Pinot Noir 2016 ,1.0
Masi Rosa Pinot Noir 2015 ,0.8571428571428571
Andrew Rich Cru 2016 ,0.7037037037037037
Chateau de Lagrezs 2012 ,0.8260869565217391
