name,score
Joseph Carr Reveliste Cinsault 2013 ,0.7
Carol Shelton Roche TBredi 2016 ,0.696969697
Finca Bolgheri Pinot Grigio 2018 ,0.766666667
Domaine de Cristict Chardonnay 2016 ,0.842105263
Domaine Dujac Fils &amp; Pere Chambolle Rouge 2013 ,0.732824427
Tenuta Sant'Antonio Barolo Cannubi (1.5 Liter Magnum) 2015 ,0.765217391
Cavit Alta Luna Pinot Noir 2016 ,0.848484848
Philipponnat Royale Reserve 2007 ,0.878787879
Bodegas Lan Culmenet Chardonnay 2017 ,0.741935484
Neil Ellis Groeniel Rose ,0.595744681
Domaine le Couroulu Chigny Tufferster Altenberg Grand Cru 2014 ,0.610169492
Chateau Corbin (Futures Pre-Sale) 2016 ,1
Belle Ambiance Rose 2016 ,0.814814815
Domaine Combier Centenairel Savigny Les Beaune Blanc 2015 ,0.828828829
Kunde Century Vines Zinfandel 2016 ,0.871794872
Blue Rock Beckstoffer To Kalon Cabernet Sauvignon 2001 ,0.862385321
Terredore Estate GSM 2017 ,0.705882353
Domaine Comtesse de lubius Oloroso Sherry ,0.581395349
Vina Cobos Bramare Uconaneve Vineyard Zinfandel 2015 ,0.767676768
MELI Dueno di Arcana Colchegliano 2016 ,0.684210526
Benjamin Romeo Con Hermouth Rouge (1.5 Liter Magnum) 2015 ,0.684684685
Lavau Charlotte 2015 ,0.75
Frog's Leap Pink 2015 ,0.954545455
Peay Vineyards Fairyne Pinot Noir 2014 ,0.823529412
Catena Gavi Blanc 2013 ,0.745098039
Candoni Prosecco Brut ,0.871794872
Chasseur Sauvignon Blanc 2017 ,0.877192982
Sklmann Vineyards Estate Zinfandel 2012 ,0.833333333
Domaine Joseph Kanitieres 2015 ,0.701754386
Villa Portuga Pinot Noir 2016 ,0.842105263
VieVie de Urzain Old Vine Grenache 2014 ,0.714285714
WildAire Open Claim Vineyard Cabernet Sauvignon 2014 ,0.816326531
Klein Constantia Sauvignon Blanc 2016 ,1
Estancia Reserve Meritage Reserve Merlot 2013 ,0.814814815
Fullerton Wines Pinot Noir/Tand Mochine (375ML half-bottle) 2015 ,0.761061947
Sacred Hill Chardonnay 2016 ,0.964285714
Swerch Vineyards Estate Pinot Noir 2016 ,0.85
Stolpman Vineyards Hillt Pinot Noir 2017 ,0.820512821
Chateau Belgrave 2015 ,1
Poema Cava Brut 2014 ,0.864864865
Bouchard Perer White Blend 2015 ,0.678571429
Weingut Hills Reserve Pinot Noir 2016 ,0.826666667
Bodegas Tradicion Oakville Cabernet Franc 2015 ,0.769230769
Chateau des Jugues Premier Cru 2015 ,0.717391304
Val de Meursault Chinon 2016 ,0.642857143
No Curfew by Amici Cabernet Sauvignon 2016 ,0.976744186
Bindi Winegrowers Envesport Cuvee Chardonnay 2015 ,0.729166667
Badia a Coltibuono Cetamura Pinot Noir 2012 ,0.870588235
Cirleg Los Cantourie du Pere White Blend 2017 ,0.635294118
Carro Tinto 2014 ,0.941176471
Cass Winery Backbone Syrah 2016 ,0.96875
Bacon Central Coast Reserve Cabernet Sauvignon 2015 ,0.815533981
Joseph Drouhin Pouilly-Fuisse 2013 ,0.971428571
Bouchard Aine &amp; Fils Fourchaume Premier Cru Les Loups 2011 ,0.850393701
Leese-Fitch Merlot 2016 ,1
Grgich Hills Estate Merlot (375ML half-bottle) 2008 ,0.961538462
Love Noir Pinot Noir 2016 ,1
Banfarelli Chianti Classico 2015 ,0.885245902
Domaine Jean Grivot Nuits-St.-Georges Aux Chaignots Premier Cru 2013 ,0.926470588
I Failloux Chablis Butteaux Premier Cru 2016 ,0.817204301
Michrelton Village Sauvignon Blanc 2017 ,0.816901408
Finca Antigua Albarino 2016 ,0.847457627
Frescobaldi Castiglioni San Lorenzo 2015 ,0.794871795
Villa Creek Cabernet Sauvignon 2015 ,0.906666667
Kinsella Estates The Habitat Ringle Blanc 2016 ,0.65060241
Bouchard Aine &amp; Fils Puligny-Montrachet 2015 ,0.979591837
Clos du Bois Chardonnay 2016 ,1
Clos Bellane Paul Man Villages 2014 ,0.712328767
Cedar + Salma Rim Red Blend 2012 ,0.676923077
Bodegas Ontanon Pedro Ximenez (500ML) ,0.75
Mullinery Beaujolais Blanc 2013 ,0.746666667
Maume by Cakebard Russian River Pinot Noir 2016 ,0.833333333
Rusack Santa Barbara Chardonnay 2015 ,1
Chateau Pape Clement 2004 ,0.961538462
Continuum 2006 ,1
Produttori del Puerto Gonzallo Fino del Primaro Rosso di Montepulciano 2017 ,0.682926829
Chateau Branaire-Ducru 2009 ,1
Chateau Olivier (Futures Pre-Sale) 2016 ,1
Chateau Fombrauge Blanc (Futures Pre-Sale) 2016 ,0.933333333
Morgan Double L Vineyard Chardonnay (375ML half-bottle) 2014 ,0.784313725
Cass Winery &amp; Browne Beaujolais Reserve 2015 ,0.626262626
Denis Mortet Gevrey-Chambertin Mes Cinq Terroirs 2016 ,1
Champauvinna Chianti Rufina Riserva 2012 ,0.717391304
Bodegas y Vinedos Ilurce Rio Madre Tempranillo 2015 ,1
Castello Romito Cabernet Franc 2016 ,0.805970149
Chateau Pichon-Longueville Baron (Futures Pre-Sale) 2016 ,1
Idl Creek Santenay Clos des Chenes Premier Cru 2015 ,0.730769231
Hacienda Monasterio Ribera del Duero 2014 ,0.976190476
Forman Cabernet Sauvignon 2014 ,0.967741935
Selby Chenin Blanc 2013 ,0.791666667
Domaine des Roses Madeira ,0.642857143
Domaine Jean Grivot Nuits-St.-Georges Aux Thorey Premier Cru 2016 ,0.902255639
Blandy's Bual Stiraz 2015 ,0.68852459
Wild Horse Merlot 2016 ,0.956521739
Cataldi Madonna Palladie Blanc 2014 ,0.657142857
Marques de Riscal Ribera del Duero 2016 ,0.727272727
Harlow Riserva 2013 ,0.714285714
Logio Cuvbieri Pic St. Loup Leflaive Meursault Genera 2013 ,0.637362637
Ruinard Beautieres de Nimes Red Blend 2015 ,0.642857143
Gilgen Alleir Cavageous 2009 ,0.541666667
Schramsberg Blanc de Blancs 2008 ,0.939393939
William Cole Albamar Chardonnay 2014 ,0.972972973
Bavita Martha Reserve Chardonnay 2014 ,0.816901408
The Dreaming Tree Chardonnay 2015 ,1
Innocent Bystander Central Coast Retro Merlot 2012 ,0.72
Ken Forrester Old Vine Reserve Chardonnay 2017 ,0.854166667
St. Francis Reserve Chardonnay 2016 ,0.823529412
Banshee Morey-Saint-Denis 2013 ,0.8
CasaSmith Porto Verdot 2013 ,0.703703704
Luc Belaire Ranch Sangiovese 2007 ,0.678571429
Schrader CCS Beckstoffer et Chardonnay 2015 ,0.725490196
Booker Vineyard Hers Vermentino 2017 ,0.818181818
Sandhi Latrie Revoluzzo 2015 ,0.633333333
Melville Extra Dry ,0.65
Replica Pickelle Reserve Red 2010 ,0.647058824
Cave Classico Chardonnay 2017 ,0.819672131
Faustino VII Tempranillo 2017 ,0.966666667
Sine Qua Non Ox Pinot Noir 2015 ,0.90625
Consilience Conection Roussanne (Tonnell Amacia 2014 ,0.65
Parusso Dolcetto d'Alba Piani Nobles Ladge with Gift Box ,0.721649485
Murman Chardonnay ,0.755555556
Barone Ricasoli Chianti 2016 ,1
Chateau Duhart-Milon 2009 ,0.961538462
Bond Vecina 2001 ,0.941176471
Silvio Grasso Turre 2000 ,0.771929825
MasseT Gravenstein Hert Dautiere Albert Co. 1996 ,0.494117647
Au Bon Climat Santa Barbara Chardonnay 2016 ,1
Gilgal Cabernet Sauvignon 2014 ,1
Bodegas Raul Perez Ultrepo Cava Brut ,0.782608696
Marketto Chianti Classico Riserva di Famiglia Blanco 2014 ,0.822429907
Rivay Zinfandel 2016 ,0.80952381
Lo-Fi Wines Coquelicot Riesling (375ML half-bottle) 2017 ,0.765957447
Four Graces Pinot Blanc 2017 ,1
Conceito Cantabria Rosa Moscato d'Astioni Herminia Dry Cruffing Hent Hill Cabernet Sauvignon 2012 ,0.55483871
Dobles Tempranillo 2013 ,0.791666667
Robert Cantin Four Figellen Springs Vineyard Hollow Chardonnay 2016 ,0.7
Bliody Clos Gu 2011 ,0.628571429
Olivier Leflaive Bourgogne Vieilles Vignes Pinot Noir 2015 ,0.817391304
Amici Napa Valley Merlot 2017 ,0.813559322
Burgo Viejo Rioja Crianza 2015 ,1
Jeff Cohn Cellars Cuvee Hermitage 2015 ,0.779220779
Domaine Zafeirakis in Gift Box (1.5 Liter Magnum) 2012 ,0.703703704
Frescobaldi Pinot Grigio 2017 ,0.807017544
Silverado Miller Ranch Zinfandel 2014 ,0.780487805
Balbocillo California Chardonnay 2017 ,0.833333333
Belle Glos Clark with Gift Box ,0.65625
Murman Cabernet Sauvignon 2016 ,0.903225806
Pepperwood Grove Pinot Noir 2014 ,0.918032787
Fat Louise Cotes de Provence Churchill Pinot Noir 2016 ,0.648148148
Jules Taylor Gruner Veltliner 2014 ,0.971428571
Banfi Rosa Regale Brezux 2003 ,0.793650794
Domaine de la Vougeraie Clos de la Roche Grand Cru 2000 ,0.864864865
Andre Bois 2014 ,0.685714286
Domaine Ragot Chateauneuf-du-Pape Blanc 2012 ,0.85106383
Jean-Louis Chave Selection Shenah 2009 ,0.755555556
Nicolas Pullus Pinot Gris 2016 ,0.736842105
Mount Eden Vineyards Estate Zinfandel 2010 ,0.804597701
Pride Mountain Vineyards Reserve Claret 2000 ,1
Poliziano Vino Nobile di Montepulciano 2015 ,1
Fulieno San-Juliette Merlot 2013 ,0.84375
Santa Cristina by Antinori Bianco 2016 ,0.974358974
Cartlidge &amp; Godiva Chocolates Gift Set ,0.791208791
Beringer Smiler Specialle 202 2014 ,0.5625
Campos de Risca Monastrell 2014 ,1
Val de Mer by Patrick Piuze Brut ,1
Lillet Choee (1.5 Liter Magnum) 2013 ,0.788732394
Brooks Pinot Bianco 2014 ,0.897959184
Poema Cava Brut Rose ,1
Belle Glos Classico Tesiro Chianti Classico 2015 ,0.708860759
Peju Province Pinot Grigio 2017 ,0.779661017
Vaughn Duffy Syrah 2013 ,0.958333333
Alban Forsythe Vineyard Grenache 2014 ,0.735632184
Domaine Glinavos Vlahiko 2017 ,0.966666667
Boundary Briccini Sonoma Zinfandel 2016 ,0.757575758
Hitching Post Perigee 2012 ,0.771929825
Robert Craig Cellars Affinity Cabernet Sauvignon (3 Liter Bottle) 2016 ,0.875
Belle Glos Clous 2016 ,0.666666667
Heitz Cellar Mays Family Vineyard Singing Estate Pinot Noir 2015 ,0.691588785
Cloudy Bay Sauvignon Blanc 2017 ,0.96875
Cep Pealist Pinot Noir 2016 ,0.8
Blackbird Vineyards Lindsay Pais Red 2010 ,0.717948718
Laughaume Rosso Rosso 2015 ,0.631578947
Longboard Russian River Pinot Noir 2015 ,1
Cellar Pinol Portal Blanco 2017 ,0.96875
Cristom Estate Syrah 2016 ,0.961538462
Joseph Drouhin Hospices Sauvignon Blanc 2017 ,0.8
Chateau Quinault l'Enclos 2014 ,0.740740741
Capiaux Cellars Chocolate Bench Blend Coppolate Block Sheep Mills Viognier 2016 ,0.5
Emilio Moro Malleolus de Valderramigna 2009 ,0.896551724
Cinnabach's Rose 2017 ,0.736842105
Centora Boss Garnacha Vinas Viejas 2013 ,0.805194805
Chateau Montcetton Clos de Meursault Clos du Crominia 2015 ,0.693069307
Elizabeth Rose Cabernet Sauvignon 2015 ,0.849315068
Bodegas Lan Rioja Crianza 2015 ,1
Cayuse God Only Knows Ancaya Cabernet Sauvignon 2013 ,0.707070707
Giovanni Rosso Conca Brunello di Montalcino (1.5 Liter Magnum) 2008 ,0.832
Bodegas Lan Rioja Jacques Prumiere Muscadet Alexander Valley Estate Chardonnay 2013 ,0.640625
Ca' Rugard Rose 2008 ,0.702702703
Chateau de Campuget La Grande Reserve Chardonnay 2014 ,0.74
Donnafugata di Arca del Demi Carolo (1.5 Liter Magnum) 2014 ,0.698113208
Domaine de la Janasse Cotes du Rhone Villages Plan de Bodegas Ducru 2000 ,0.762589928
Canoe Ripassou Q Lou Chardonnay Vieilles Vignes 2015 ,0.730434783
Tablas Creek Esprit de Tablas Blanc 2017 ,0.975609756
Pikes Pinot Noir 2015 ,0.88372093
Jim Barry Tupeyret Nuits-St.-Georges 2000 ,0.65
Chateau Pape Clement de Blancs 2013 ,0.911764706
Gold Steep Finds Holus Columbia 2014 ,0.717948718
Bellus Giraso Arinzand Les Beaune Blanc 2016 ,0.622641509
Felsina Fontalloro Chianti Classico 2015 ,0.80952381
Rustic Wine Cellars Craftsman's Conn Valley Vineyards Cabernet Sauvignon 2016 ,0.768115942
Walnut Block Wines Big Sky Te Muna Cabernet Sauvignon 2014 ,0.701030928
Renwood Winery The Cleaver Red Blend 2014 ,0.976190476
Corison Cabernet Sauvignon (1.5 Liter Magnum) 2004 ,0.980392157
Robert Catcher Harmony Decanter ,0.641509434
Scribe Cortese 2014 ,0.682926829
Patrick Piuze Chablis 2017 ,0.782608696
Beringer Private Reserve ,0.757575758
Assobiot Malbec 2016 ,0.789473684
Seghesio Costiera White Port ,0.862068966
Hertelendy Cabernet Sauvignon 2014 ,1
Easton The Ban Xinor Proprietary Red (1.5 Liter Magnum) 2016 ,0.704761905
Rubishou Chateauneuf-du-Pape Cuvee Chaupin 2015 ,0.752293578
Dark Horse Cabernet Sauvignon (1.5 Liter Magnum) 2014 ,0.895238095
Bosiolo Castelle Inspade Red 2013 ,0.647058824
Stolpman Vineyards Love Yountain Merlot 2015 ,0.75862069
Arianna Odge 2017 ,0.648648649
Brozzic Salinia Pasada Julia Brut Rose ,0.68852459
Domaine Font-Marsanne Cotes du Rhone Villages Rouge 2015 ,0.747826087
Au Bon Climat Isabello 2012 ,0.805970149
Hermann J. Wiemell'soup Pinot Noir 2015 ,0.6875
Sloan 2000 ,1
Bond Viccolo Chinon 2008 ,0.714285714
Piper-Helena Ladger Vineyard Syrah Exposition Xinomavro 2016 ,0.595041322
Donati Family Vineyards Originals Cabernet Sauvignon 2015 ,0.886792453
Whetta Malbec 2015 ,0.769230769
Ken Wright Cellars Toum Reds Wines Chardonnay 2017 ,0.674698795
Averaen Nysa Vineyard Chardonnay 2015 ,0.805555556
Chateau Ducru-Beaucaillou Bandol 2015 ,0.898550725
Fleur du Cote Blanc de Blancs Brut ,0.810810811
Duval-Leroy Blanc de Noirs ,0.75
The White Knight Chardonnay 2017 ,0.766666667
Chateau Pegau Cotes du Rhone 2014 ,0.821917808
Chateau Lilian Ladouys 2013 ,1
Campos de Luz Neile 41 Fome Chardonnay 2015 ,0.676056338
Auspiri Sauvignon Blanc 2017 ,0.877192982
Chateau de Cerons 2000 ,0.956521739
Oxford Louise Chardonnay 2015 ,0.819672131
Vinaceous Red Rincon Riesling Kabinett 2016 ,0.693333333
90+ Point Napa Valley Wine Gift Set ,0.985915493
Burgle Vineyards Petite Sirah 2016 ,0.882352941
Hook and Ladder Chardonnay 2016 ,0.96875
Verdad Sawyer Lindquist Vineyard Tempranillo 2014 ,1
Calcu Cabernet Franc 2015 ,0.961538462
Peju Province Cabernet Franc 2014 ,0.970588235
Moddesse Becco Romansile 2015 ,0.666666667
Silverado Cabernet Franc 2014 ,0.84375
Mountain Vineyards Colon Vineyard Cabernet Sauvignon 2005 ,0.786885246
Dow's Vintage Port 2015 ,0.958333333
Canalicchio di Sopra Reserva 2006 ,0.65060241
Chavy-Celeins Clos du Roy 2015 ,0.785714286
Castello Rosso di Montalcino 2015 ,0.861538462
Robert Sinskey Abregoerieusse Premier Cru 2013 ,0.64
Domaine de la Taille Aux Loups Pinot Noir 2009 ,0.755555556
Louis Believer Alta 2013 ,0.620689655
Clos LaChance Collia Viontasiato 2016 ,0.771428571
Banrock Estate Chardonnay 2017 ,0.888888889
Monte Antico Supremus 2013 ,1
Victorine de Chastenay Cr√©mant de Bourgogne Blanc de Blancs ,0.844036697
Point Cabernet Sauvignon 2014 ,0.9
Hitching Post Pinks Rose 2016 ,0.966666667
Joseph Drouhin Cote de Beaune Villages 2015 ,0.977272727
Jorge Ordonez Pinot Noir 2017 ,0.784313725
Regis Charmel 2014 ,0.7
Caparzo Brunello di Montalcino Riserva 2011 ,0.977272727
Illahe Vineyards and Winery Viognier 2017 ,1
Domaine de Terme Villages Vieilles Vignes 2017 ,0.787234043
Mount Eden Vineyards Estate Cabernet Sauvignon Rose 2017 ,0.935779817
Dow's Trademardi Chianti Classico Effee 2011 ,0.684210526
Perrier-Jouet Grand Brut ,1
Guillaume Gillmor Cabernet Sauvignon 2003 ,0.75862069
J Vineyards California Chardonnay 2016 ,1
Bolla Rosa Chardonnay 2016 ,0.84
Hickinbotham Broken Chardonnay 2015 ,0.73015873
Ryme Weeks Vineyard Cabernet Sauvignon 2012 ,0.88172043
Bodegas Revoluti Douro White Label Sur Lie 2008 ,0.55
Ceretto Bentoni Brunello di Montalcino 2009 ,0.781609195
Quinta de Val Rose 2016 ,0.75862069
Dugat-Pylioue Freres Tino La Lore 2009 ,0.542857143
Colgin IX Estate Syrah 2006 ,1
Cayuse Bionic Froutsel White 2016 ,0.75
Rock &amp; Vine Chardonnay 2014 ,0.794871795
Petrolo Insocer Sparkling Pinot Noir 2014 ,0.684931507
Seghesio Sonoma Zinterome Chardonnay 2014 ,0.716049383
Revolution Winery Cabernet Sauvignon 2016 ,0.87804878
Chateau Branaire-Ducru 2003 ,1
Chateau Pontet-Canet (1.5 Liter Futures Pre-Sale) 2017 ,1
Juve Y Camps Gregueres 2009 ,0.71875
Chateau Mouton Rothschild 2010 ,0.967741935
Peter Matribu Cabernet Sauvignon 2016 ,0.876712329
Colgin IX Estate Red 2016 ,0.961538462
Clos Pegase Mitsuko's Vineyard Chardonnay 2011 ,0.978723404
Bodegas Monteanne Sonoma Coast Pinot Noir 2016 ,0.827586207
Madai Origen Leap Cabernet Sauvignon 2014 ,0.8
Mettler Family Vineyards Merlot 2015 ,0.821917808
Chateau Hosanna 2010 ,0.952380952
Paul Hobbs Beckstoffer To Kalon Cabernet Sauvignon 2014 ,0.909090909
Nickel &amp; Nickel Hayne Cabernet Sauvignon Grand Vin 2007 ,0.872727273
Domenico Clerc Meursault Clos Du Valch Fino Sherry ,0.621359223
Noble Vines 337 Lodi Cabernet Sauvignon 2015 ,0.977777778
Meiomi Sparkling ,1
EOS Petite Sirah 2016 ,1
Evodia Cornala Russian River Pinot Noir 2014 ,0.833333333
Cousino Macul Chardonnay 2012 ,0.966666667
Billaud-Simon Villages 2015 ,0.8
Chapelle St. Theodor Mondavi Marcaire Chateauneuf-du-Pape Cuvee Imperialeo 2016 ,0.737588652
Roberts Coast Reserve Chardonnay 2014 ,0.886075949
Kalex Pinot Noir 2015 ,0.954545455
Lecheneaut Nuits-Saint-Georges Premier Cru 2016 ,0.862385321
Kale Haut Louise Chardonnay 2016 ,0.774193548
Sierra Cantabria Reserva Unda Cava Brut 2013 ,0.839506173
Lecon Placida 2013 ,0.631578947
Anthill Farms Campbell Ranch Vineyard Pinot Noir 2000 ,0.962962963
Au Bon Harin Pinot Noir 2015 ,0.785714286
Vinum Cellars Cheval Sauvignon Blanc 2017 ,0.810810811
Chasseur Cedarg Pinot Noir 2016 ,0.8125
Lucas &amp; Lewellen Zinfandel 2016 ,0.794520548
Mount Eden Vineyards Estate Chardonnay 2013 ,0.977272727
Xalumba El Cortol Chateauneuf-du-Pape Cuvee Vieilles Vignes 2013 ,0.752
Banfi Brunello di Montalcino Riserva 2009 ,0.870588235
Domaine Fernand &amp; Laurent Pillot Chateauneuf-du-Pape Blanc 2014 ,0.763358779
Cypress Chardonnay 2017 ,1
Huia Black Ridge Rose 2017 ,0.716981132
Bodegas Lan Graham Sonoma Coast Pinot Noir 2013 ,0.847826087
Cellar No. 8 Pinot Noir 2016 ,0.965517241
Columbia Crest Grand Estates Cabernet Sauvignon 2014 ,1
Fowles Wine Fleat Western Estate Single Vineyard Pinot Noir 2012 ,0.743362832
Robert Soniche Hope Ost-Intrigen St. Laurent 2013 ,0.838709677
Chateau Cote de Nuits Villages 2013 ,0.789473684
Ponzi Reserve Pinot Noir 2015 ,1
Berlucci Picassou Red Blend 2015 ,0.711864407
Saintsbury Toyon Farm Pinot Noir 2016 ,0.973684211
Domaine Faiveley Chassagne Montrachet 2016 ,0.976744186
Kooyong Farrago Chardonnay 2015 ,1
Chateau Mouton Rothschild 2009 ,1
Rubissow Merlot 2014 ,0.952380952
Lapostolle Clos Apriciera Lastello 2014 ,0.764705882
Round Pond Kith and Kin Cabernet Sauvignon 2016 ,0.979166667
Matteo Correggia Rosso di Montalcino 2014 ,0.784810127
Pepper Bridge Winery Merlot 2016 ,0.96969697
Futo Viedenne Seven Liers View Pinot Noir 2015 ,0.688172043
Elderton E Series Chardonnay 2013 ,0.970588235
Joseph Phelps Freestone Vineyards Rose of Pinot Noir 2017 ,0.859504132
Piper-Heidsieck Cuvee Brut 2006 ,0.915254237
Aig White Riesling 2016 ,0.8
Rustic Wine Cellars Paras Vineyard Pinot Noir 2013 ,0.787878788
Olexander Valley Vineyards Temptation Zinfandel 2014 ,0.962264151
Bila-Haut by Michel Chapoutier Cotes du Rhone Rose 2007 ,0.905982906
A.P. Chanson Les Pendams 2014 ,0.646153846
Ludd Hillside Select Cabernet Sauvignon (3 Liter Bottle) 2014 ,0.78125
Chateau des Anaillero del Duero 2016 ,0.709677419
Elizancia Gialla 2013 ,0.651162791
Chateau des Mille Aux Chainty Pinot Noir 2015 ,0.682926829
Chateau Montrose (Futures Pre-Sale) 2016 ,1
Caturelil Port (500ML) 2014 ,0.591549296
Big Basin Monterey Pinot Noir 2001 ,0.971428571
El Enemigo Mendoza Estate Grown Cabernet Sauvignon 2013 ,0.761904762
Villadoria Il Nass'Vencolas Reserve La Mesena Vineyard Cabernet Sauvignon 2007 ,0.65648855
Kracher Trights Cabernet Sauvignon 2014 ,0.821917808
Domaine Lafage Cuvee Generator 2016 ,0.784810127
Sokol Blosser Brut Prosecco ,0.736842105
Colgin IX Estate Reserve 2012 ,0.892857143
Gregory Graham Magma Rose 2016 ,0.918032787
Philippe Colin Bourgogne Rouge Cuvee de Noble Souche 2015 ,0.807017544
Krug Vintage Brut 2006 ,0.956521739
Rhys Vineyards Horseshoe Vineyard Pinot Noir 2016 ,0.98
Bodegas Muga Cava Grace Barbreche 1998 ,0.657894737
Jeff Cohn Cellars Haut Lount Cosme De Neguille 2014 ,0.623655914
Wirra Wirra Chardonnay 2015 ,0.821428571
Domaine de Bois Zinfandel 2016 ,0.813559322
Ruinart Brut Rose Reserve ,0.823529412
Aloxe Cotes du Jura Chardonnay 2013 ,0.8
Chateau de Blancs 2012 ,0.823529412
Condado de Haldiga Reserva Malbec 2012 ,0.732394366
Chappellet Pritchard Hill Estate Vineyard Cabernet Sauvignon 2012 ,1
Columbia Crest Grand Estates Merlot 2010 ,0.975609756
Black Cabra Chardonnay 2015 ,0.964285714
Paul Dolan Vineyards Zinfandel 2015 ,1
Chalk Hill Central Coast Red Blend 2015 ,0.752941176
Slo Sear Old Sercial Madeira (500ML) ,0.829268293
Colgin IX Estate Syrah 2017 ,0.964285714
Enkidu E Cabernet Sauvignon 2014 ,0.96969697
Jules Taylor Cabernet Sauvignon 2017 ,0.828571429
Buttonwood Farm Chardonnay 2016 ,0.771929825
Manoir du Carra Beaujolais Villages 2017 ,0.975609756
Montinorg Cabernet Sauvignon 2005 ,0.875
Bouzuca Noente Cisance Reserve 2015 ,0.64516129
Cakebread Cabernet Sauvignon 2014 ,0.970588235
Rudi Pichles Blanc de Blancs ,0.745098039
Joseph Jewell Grist Vineyard Cabernet Sauvignon 2016 ,0.822429907
Chateau Clinet (1.5 Liter Magnum) 2014 ,0.948717949
Frank Family Vineyards Reserve Cabernet Sauvignon 2015 ,0.981818182
LaRue Rice Santa Caterina Vineyard Chardonnay 2016 ,0.736842105
Chamonix Reserve Cabernet Sauvignon 2016 ,0.886075949
Murphy-Goode Alexander Valley Cabernet Sauvignon 2012 ,0.981481481
Trustor Estate Reserve Sauvignon Blanc 2014 ,0.847826087
Girl &amp; Dragon Pinot Noir 2014 ,0.857142857
Luc Cold Crintage Red Blend 2015 ,0.75
Colosi Rosso Serral 2014 ,0.784313725
Giornata Arkeminer Alteogere Syrah 2016 ,0.597402597
Cline &amp; Mounir Blanc Le Jose 2013 ,0.625
Robert Oatley McMarnoc-ausel Grenache 2009 ,0.634146341
Clos Lignier Rose 2016 ,0.8
Rochioli Rubento Premiere Cuvee (375ML half-bottle) 2014 ,0.696428571
Chateau Belgrave (1.5 Liter Magnum) 2009 ,0.951219512
Perliss Torres Les Charmes Combe 43 Fites Coctorset-les-Beaune 2013 ,0.504201681
Poco a Poco Russian River Chardonnay 2015 ,0.825
Famille Perrin Cotes du Rhone St. Esprit Rouge 2014 ,0.823529412
Red Car Aloxe Corton Pere &amp; Fils Gevrey-Chambertin 2014 ,0.759259259
Point Ormond Moscato d'Asti 2017 ,0.786885246
Groundwork Syrah 2015 ,1
William Knuttel Fino Sherry ,0.733333333
Domaine Lafond Roc-Epine Chateauneuf-du-Pape Les Cailloux Cuvee Series Commee 2011 ,0.736842105
Colgin IX Estate Red 2011 ,1
Drew The Ornbaun Syrah 2015 ,0.964285714
Brundlmayer Old Sparky Cabernet Sauvignon Reserve 2013 ,0.821052632
Pecchenino San Luigi Rose 2016 ,0.746666667
Vina Jeon Premier Cru Rouge 2015 ,0.675
Helen &amp; Joey Parades Grand Cru 2000 ,0.643678161
Domaine Francois Legros Altenberg Graat Bubble Moscato d'Asti Sori Suno Nero ,0.530612245
Floreme Westerwood Chardonnay 2016 ,0.754098361
Fowles Wine Farm Los Casineta 2008 ,0.712328767
Secret Indulgence Cabernet Sauvignon 2016 ,0.803921569
Big Basin Monterey Pinot Noir 2014 ,1
Cono Sur 2000 ,0.6875
Bond View White Label Gift Noir Pinot Noir 2015 ,0.681318681
Bergstrom Grumiere Cotes Du Rhone 2014 ,0.712328767
Hayes Red 2014 ,0.727272727
Futo 2017 ,0.9
Domaine de Colette Morgeot Clos de la Chapel of Grenache 2017 ,0.655462185
Yalumba The Hentine Rose 2017 ,0.680851064
B.R. Cohn Olive Hill Estate Cabernet Sauvignon 2014 ,0.980769231
Four Graces Pinot Noir 2013 ,0.964285714
Tinz Coppier Cabernet Sauvignon ,0.774193548
Savenerd Pinot Noir 2016 ,0.88
Cline Lone Pinot Noir 2016 ,0.857142857
Chappellet Sonoma Coast Late Haut de Susuma Red 2013 ,0.574468085
Niepoort Dry White Wine Glass - Set of 4 ,0.784810127
Hirand Estate Red 2011 ,0.775510204
Tolosa Winery Estate Pinot Noir 2004 ,0.945945946
Clos Pegase Mitsuko's 2013 ,0.742857143
Montinore Reserve Pinot Noir 2014 ,0.970588235
Substance Super Substance Jack's Crown Cabernet Sauvignon 2014 ,0.933333333
Cass Winery Grenache 2015 ,1
Hook Winery Tempranillo 2014 ,0.838709677
J.J. Christoffel Urziger Vineyard Chardonnay 2015 ,0.714285714
Cass Winery Ground Chardonnay 2016 ,0.761904762
Steele Cuvee Chardonnay 2017 ,0.965517241
Tyler Winery Zotovich Family Vineyard Petite Sirah 2016 ,0.818181818
Roots Run Deep Educated Guess Pinot Noir (375ML half-bottle) 2015 ,0.803571429
Sonoma Coast Russian River Pinot Noir 2017 ,0.847058824
Crossbarn by Paul Hobbs Napa Valley Cabernet Sauvignon 2016 ,0.983333333
Steele Cuvee Chardonnay 2015 ,0.965517241
Veuve Clicquot Vintage Brut 2008 ,1
Klinker Brut Rose 2016 ,0.744186047
Four Vines The Kinker Cabernet Sauvignon 2015 ,0.97826087
Timbre Applavina 2014 ,0.653846154
Camigliano Colda Rose 2017 ,0.666666667
Jean-Louis Chave Selection Crozes-Hermitage Silene 2014 ,0.982142857
Clos Cibonne Cuvee Speciale Brut Champagne ,0.780487805
Fessina Pertimali Chardonnay 2014 ,0.746268657
Consilience Gold Cuvee Les Amours 2014 ,0.683544304
Bennet-Chaudije Saint-Joseph le Grand Courtage Rose ,0.647058824
Feorges Basso Dolcetto 2016 ,0.654545455
Beckon Pinot Noir 2016 ,0.869565217
Cypress Cabernet Sauvignon 2016 ,1
Filus Malbec 2016 ,1
Georges Vernay Cotes de Bellene Nuits-St-Georges Aux Thorey-Chambertin 2013 ,0.624113475
Chateau Mouton Rothschild (Futures Pre-Sale) 2016 ,1
Cherry Picker Merlot 2015 ,0.961538462
Provenance Vineyards Reserve Claret 2014 ,0.860465116
Cambiata Winery Pinot Gris 2016 ,0.875
Cense Vino Nobile di Montepulciano Riserva 2013 ,0.868686869
Philippe Faury Sonoma Coast Pinot Noir 2016 ,0.850574713
Rinaldi Pink! Moscato 2017 ,0.821428571
Domaine Dujac Fils &amp; Pere Clos des Mouchet 2014 ,0.824561404
Joseph Jewell Hallberg Vineyard Pinot Noir 2013 ,0.979166667
Murphy-Goolten Vineyards Estate Cabernet Sauvignon 2016 ,0.851851852
William Hill Central Coast Cabernet Sauvignon 2014 ,0.88
Domaine Fouassier L'Envoye Bourgogne Chardonnay 2015 ,0.770833333
Vina Alicia Los Carneros Vieilles Vignes 2015 ,0.729411765
Acumintini Fallue Blanc 2014 ,0.678571429
Ruggeri Giacosano Tenuta di Grdenda Reserva 2011 ,0.58974359
Adelaida Kear Old Tawny Port ,0.721311475
Valley of the Moonseire Vessefonczio Vineyard Clone Pinot Noir 2015 ,0.666666667
Uppercut Sauvignon Blanc 2017 ,0.966666667
Red Diamond Malbec 2016 ,0.958333333
Chalk Hill Estate Krothschill Pinot Noir 2016 ,0.825
Concannon Petite Sirah 2016 ,1
Tenuta di Bisevation Tinto 2015 ,0.761904762
Perez Cruz Liguai 2009 ,1
Bouchard Pere &amp; Fils Gevrey-Chambertin Clos de Bezes 2016 ,0.872727273
Lost Angel Charmowa Rose 2017 ,0.807017544
Mas Amiel Vertigoque 2013 ,0.897959184
Bodegas Renacer Punto Coleccion Palo Cortado Sherry (375ML) ,0.661016949
Pulenta Guon Fils Petit Chablis 2017 ,0.676056338
Crowley La Clapiere Cuvee Alie 2015 ,0.666666667
Il Poggione Rosso di Montalcino 2015 ,1
Continuur Sauvignon Blanc 2014 ,0.833333333
Morgan Grenache 2015 ,0.75
Caiarossa Coltei 2015 ,0.756756757
Luce Della Villa Russiz Reserve 2006 ,0.636363636
Vina Cobos Brut ,0.588235294
Walter Hanselli Vineyards Zeltinger Hidsen The Bee Flor Lecht Pere Cabernet Sauvignon 2015 ,0.624113475
Wild Horse GSM 2014 ,0.95
Domaine Buisson-Charles Fagonet Pinot Noir 2015 ,0.75862069
Mountahaja Merlot 2015 ,0.744186047
Volertini Plure Pinot Noir 2016 ,0.771929825
Joseph Carr Chardonnay 2016 ,1
Domaine des Ecrance Grenache 2015 ,0.753623188
Cellar No. 8 Pinot Noir 2017 ,0.965517241
Penfolds Bix MontepIif de Rouge 2014 ,0.620689655
Point Rowst Chardonnay 2014 ,0.814814815
Mount Eden Vineyards Estate Gamily Pinot Noir 2017 ,0.905263158
Badia a Colteia Blanc de Blancs ,0.724137931
California Cabernet Sauvignon 2006 ,0.883116883
Noon Echels Rose 2017 ,0.755555556
Schiefer Carneros Chardonnay 2015 ,0.878787879
Smith Story Lakota's Vineyard Cabernet Sauvignon 2009 ,0.825688073
Marchesi di Barolo Terra di Lamole Pedona Mencia 2015 ,0.708333333
William Hill Pinot Noir 2015 ,1
Tuck Beckstoffer Hoght 2 and Dr. Petite Sirah 2016 ,0.714285714
Chereau Carre les Desjars 2014 ,0.654545455
Babcock Estate Giosy 2016 ,0.693877551
Chateau Ducru-Beaucaillou Croix de Beaucaillou (1.5 Liter Magnum) 2014 ,0.802816901
Feudo Zirtarine Lambrusco 2015 ,0.666666667
Patrick Piuze Chablis Terroir Les Foluertees 2015 ,0.875
Kings Ridge Vineyard Pinot Noir 2002 ,0.819277108
Reguengo de Roncier Albarino 2017 ,0.690909091
Cline Cashmere White 2017 ,1
Billaud-Simon Chablis Les Clos Grand Cru 2014 ,0.884210526
Gregory Graham Crimson Hill Vineyard Pinot Noir 2016 ,0.851485149
Pride Mountain Blanco 2014 ,0.745098039
Robert Mondavi Napa Valley Cabernet Sauvignon 2014 ,0.980392157
Berger Zweigelt (1 Liter) 2016 ,1
Veiling Vineyard Chardonnay 2016 ,0.835820896
Banfi Rosa Regale Bianco 2016 ,0.857142857
Domaine Faiveley Gillour 2015 ,0.833333333
Niepoort Dollares Riesling 2017 ,0.709677419
Joseph Drouhin Chassagne-Montrachet 2016 ,0.975609756
Ancien Wines Mira Vineyard Pinot Noir 2010 ,0.930232558
Jean et Schipsed Vineyard Chelse Immarine 2007 ,0.620689655
Schrader CCS Beckstoffer To Kalon Cabernet Sauvignon 2015 ,1
Chateau de Equites Leflais Loup 2016 ,0.648648649
Wrath EX Sauvignon Blanc 2017 ,1
Tinga Reserve Chardonnay 2015 ,1
Domaine Lafond Lirac Rouge 2016 ,0.837837838
Titus Zinfandel 2017 ,0.952380952
Anthonij Russian River Chardonnay 2013 ,0.853333333
Albert Bichot Cremant de Bourgogne Blanc de Blancs ,0.935779817
A.P. Kin Cabernet Sauvignon 2015 ,0.857142857
Bouchard Pere &amp; Fils Beaune Clos des Folgee 2015 ,0.8
Yarden Cabernet Sauvignon 2016 ,0.967741935
Domaine Fouassier Sancerre Le Peu de lussian Rioja 2012 ,0.712871287
Undurraga Sibaris Cabernet Sauvignon Graffiti Magnum Glasses - Set of 4 ,0.724409449
Clos du Bois Savoy Vineyard Merlot 2013 ,0.763157895
Handpicked Wines Clos Laro Fresc ,0.6
Ojai Roll Ranch Viognier 2016 ,1
King Chardonnay 2017 ,0.88372093
PKNT Reserve Russian River Pinot Noir 2016 ,0.835443038
Joseph Phelps Cabernet Sauvignon 2017 ,0.973684211
Col de Salici de San Vicente 2012 ,0.666666667
CADE Reserve Pinot Noir 2014 ,0.838709677
Compania Flor de Crus Vintage Brut 2008 ,0.675324675
Chateau Puech-Haut Prestige Rose ,0.929577465
Masicibera del Duero Crianza 2012 ,0.773333333
Kuleto Estate Cabernet Sauvignon 2003 ,0.891566265
Kosta Browne Saut Pinot Grigio 2017 ,0.761904762
Verite La Muse 2012 ,1
Chateau de Puligny-Montrachet Chassagne-Montrachet Les Chaumees Premier Cru 2015 ,0.864197531
Blandy's Bual Pinot Noir 2015 ,0.807017544
St. Ubby touveau 2015 ,0.590909091
Talbott SIX Sancerre Rouge 2017 ,0.656716418
Il Mourvaeille Chardonnay 2016 ,0.771929825
Catena Zapata Adrianna Loose Quartzenet Gewurztraminer 2015 ,0.625
Parducci Small Lot Blend Pinot Noir 2015 ,0.975609756
Bodegas Callia Bella 2017 ,1
Lucas &amp; Lewellen Chardonnay 2016 ,1
Chateau La Garde Writer Madeira ,0.684931507
Mount Envoy Johnson Vineyard Pinot Noir 2016 ,0.821052632
Donnafugata Berthibfrane 2014 ,0.75
Tomaiolli Chianti Classico 2016 ,0.920634921
Claiborne &amp; Churchill Pinot Noir 2015 ,1
Musso Rose 2016 ,0.8
Cinnabar Slandon Radicia 2012 ,0.612903226
Continuuma Negra 2016 ,0.756756757
Fausse Piste Annes Gemblers - Set of 2 ,0.64
Vina Cobos Bramare Marcani Cabernet Sauvignon 2015 ,0.867256637
Abacela Barrel-Syrah 2013 ,0.625
Domaine Fernand &amp; Laurent Pillot Cuvee Tradition Pinot Noir 2016 ,0.727272727
Gusbourne Brut &amp; Neuhaus Belgian Chocolates ,0.774774775
Arima Rosso di Montalcino 2015 ,0.90625
Belle Ambiance Leap Winery The Pepper Pouilly Fume 2013 ,0.611764706
Underwood Rose 2017 ,1
Zestos Fernhard Chardonnay 2014 ,0.763636364
Chateau Pape Clement (Futures Pre-Sale) 2016 ,1
Chateau La Mission Haut-Zuy La Trum Pinot Noir 2015 ,0.75862069
Batia Bin Pinot Noir 2016 ,0.821428571
Domaine de la Tourille Chassagne-Montrachet Clos du Prieuree Blanc 2012 ,0.778625954
Tour des Gener Proprietary Red 2007 ,0.761904762
Domaine Follin-Arbeleno del Portus Saint-Joseph Fraugers (Futures Pre-Sale) 2017 ,0.587301587
Kooyong Fessy Province Sauvignon Blanc 2016 ,0.784810127
Sonnet Black Ridge Pinot Noir 2013 ,0.971428571
Bokisch Vineyards Tempranillo 2017 ,0.971428571
Collosorbo Brunello di Montalcino Riserva Bella 2015 ,0.92
Amici Malbec 2014 ,0.8
Giovanni Rosso Barbera d'Asti 2016 ,0.764705882
Clau de Nell Cabernet Sauvignon 2012 ,0.835820896
Philippe Pacalet Meursault Vieilles Vignes 2015 ,0.718446602
Feudo Zirtari Nicilia 2015 ,0.707692308
Bucklin Old Hill Ranch Ancient Vines Zinfandel 2016 ,0.918367347
Sobon Enemignon Clasico 2014 ,0.655737705
Soter Vineyards North Red Blend 2014 ,0.76056338
Cottonizia Reserva Seco Cuco ,0.542372881
Case Pinot Noir 2015 ,0.87804878
Tenuta delle Terre Nerabeia 2016 ,0.767123288
Domaine des Courrilles Volnay Clos des Chenes Premier Cru Montpailesis (375ML half-bottle) 2014 ,0.674285714
Domaine Vincent Dampt Chablis 2015 ,1
Tangley Oaks North Coast Merlot 2017 ,0.774193548
Vineyard 7 and 8 Correla Chardonnay 2017 ,0.839506173
Anaba Turbine Red Blend 2016 ,0.846153846
Gilbari Niente Winery Merlot 2016 ,0.724137931
Andis Cabernet Franc 2013 ,0.961538462
Cloudy Bay Sauvignon Blanc 2015 ,0.96875
Bodegas Nekeas Vega Sindoa Cabernet Sauvignon 2014 ,1
Giornata Santa Lucia Highlands Charlemagne Glasses - Set of 4 ,0.626262626
Six Degrees Cellars Merlot 2014 ,0.794117647
Stag's Leap Wine Cellars KARIA Chardonnay 2013 ,0.978723404
Felsina Chianti Classico Riserva Rancia (1.5 Liter Magnum) 1996 ,0.953125
Animo by Michael Mondavi Red Blend 2016 ,0.741573034
Banfi Chianti Classico 2016 ,1
Wayfarer Zin de Pilge Chardonnay 2011 ,0.761904762
Slingshot Sauvignon Blanc 2017 ,0.967741935
Clos Fourtet (1.5 Liter Magnum) 2000 ,0.789473684
Stag's Leap Wine Cellars Sauvignon Blanc 2014 ,0.918367347
Bleaux 2016 ,0.625
Sebastiani by Charlier Lambrauge 2014 ,0.594594595
Niner Edna Valley Syrah 2015 ,0.764705882
Philippe Foreau Vouvray 2013 ,0.903225806
Menage a Trois White Blend 2017 ,1
Booker Vineyard Albarino 2016 ,0.827586207
Chateau de Segries Tavel Rose 2016 ,0.971428571
Fowles Wine Farm to Table SW Scephen Chardonnay 2016 ,0.884210526
Blue Farm Albarino 2017 ,0.85106383
Avalonkon Escolition Pinot Gris 2016 ,0.698412698
Philipponnat Royall-Beguis Chardonnay 2015 ,0.704225352
Bouchard Pere &amp; Fils Volnay Clos des Polus Blanc 2014 ,0.780487805
Chateau Ste. Michelle Cabernet Sauvignon 2013 ,0.97826087
Coates Vineyards Organic Merlot 2014 ,1
Beringer Luminus Chardonnay 2011 ,0.96969697
Pecchenino Siri Rose 2017 ,0.697674419
Kata Beckstoffer To Kalon Cabernet Sauvignon 2007 ,0.884615385
Gruet Blanc de Blancs 49 2015 ,0.912280702
Ruca Malen Yauquen Malbec 2015 ,1
Valdespino Fino ViRa Buller Fermented 2009 ,0.617647059
Duckhorn Napa Valley Chardonnay 2017 ,1
Ceretto Rossana Dolcetto 2013 ,0.865671642
Roots Run Deep Estate Sauvignon Blanc 2017 ,0.8
Laige Julia's Vineyard Merlot 2014 ,0.722222222
Ladoucette Les Lumaires Premier Cru 2016 ,0.666666667
Villa Creek JaCJuE Red Blend 2012 ,0.754098361
Leone de Celler ,0.631578947
Line 39 Sauvignon Blanc 2015 ,0.965517241
Imblebourt Mortet Gevrey-Chambertin Mes Cinq Terroirs 2016 ,0.884955752
Antoniolo Castelli di Castelvetro Amaron 2014 ,0.625
Chateau Carbonnieure 2001 ,0.782608696
Domaine Bousquet Meursault 2014 ,0.885245902
Tikves Belaswoo Salucci Blanc de Blancs 2012 ,0.682926829
Bond Pluribus 2009 ,1
Turley Hayne Los Merlot 2015 ,0.72
ONEHOPE California Zinfandel 2016 ,0.970588235
Carlson Chardonnay 2014 ,0.958333333
Robert Hall Zinfandel 2013 ,0.962962963
"Black Sheep Finds Holus Bolus ""Frocher Estate Pinot Noir 2014 ",0.773109244
Knights Blend Cabernet Giffer Tokaia 2015 ,0.648648649
Jean Loron Saint-Amour Diels Cabernet Sauvignon 2014 ,0.778947368
Statti Calabria Arvino 2015 ,1
Rhys Vineyards Hill Pinot Noir 2014 ,0.835820896
Quill Diamond Mountain Yiron 2016 ,0.765432099
Wild Horse Chardonnay 2015 ,0.962962963
Zuccardi Q Malbec 2014 ,0.956521739
Epiphany Gypsy 2016 ,1
Candoni Chianti 2014 ,1
Bucci Piceno Merlot 2014 ,0.807692308
Chateau Clos Miroc 2015 ,0.816326531
Chappellet Pritchard Cabernet Sauvignon 2005 ,0.792792793
Do Fere Rose of Pinot Noir 2017 ,0.848484848
Zuccardi Malbec 2016 ,0.954545455
Artazu San Fiasto Santa Restitusary Petite Sirah 2016 ,0.634146341
Sloan Asterisk Proprietary Red Blend 2012 ,1
Alfaro Family Anderson Valley Chardonnay 2014 ,0.829268293
Keller Estate Chardonnay 2016 ,0.933333333
Graham's Sonoma Coast Syrah 2013 ,0.825396825
Ghost Block Single Vineyard Cabernet Sauvignon 2014 ,0.980769231
Domaine Lombard Vincent Girardin Pouilly Fuisse Sous ceir Un Xilen 2013 ,0.75
Robert Foley Vineyards Claret (1.5L Magnum) 1999 ,0.918367347
Domaine Font-Mars Cabernet Sauvignon 2014 ,0.976190476
Justin Isosceles Reserve 2010 ,1
House Wine Chardonnay 2014 ,0.830188679
Philippe Colin Chassagne-Montrachet 2016 ,0.975609756
Poggio Antico 2012 ,0.697674419
Carnbalas Radia Bichot Rose 2016 ,0.62295082
Apaltagua Coleccion Pinot Noir 2017 ,0.972222222
Joseph Drouhin Meursault Clos du Chateau 6 Cepages ,0.666666667
Domaine Bousquet Merlot 2014 ,0.965517241
Pecchenine Sauvignon Blanc 2016 ,0.84375
Eric Kent Smooie Red Wine Glass - Set of 4 ,0.759493671
Chateau Beau-Sejour Becot 2015 ,1
Kdine Guisse Lussy 2012 ,0.561403509
Domaine des Grillemonts Saumur Venice Chardonnay 2016 ,0.778947368
Dashe The Comet Red Blend 2014 ,0.967741935
Castello di Bolgheri Bolgheri Superiore 2016 ,0.977777778
Joseph Phelps Freestone Vineyards Columbia Valley Cabernet Sauvignon (1.5 Liter Magnum) 2014 ,0.740740741
Vinos Guerra Armas de Guerra Riserva 2012 ,0.891566265
Colgin IX Estate Red 2015 ,1
Xanadu Exmoor Cabernet Sauvignon 2011 ,0.973684211
Santa Barbara Winery Reserve 2012 ,0.835443038
La Crema Sonoma Coast Chardonnay 2013 ,0.973684211
Umen Road Cellars Petite Sirah 2016 ,0.794117647
Palauli Casaliha Serra 2013 ,0.644067797
Armand de Toreau Old Vine Grenache Elivette 2015 ,0.666666667
Alfaro Family Trouillet Cotes du Rhone Rouge 2016 ,0.698795181
Forlorn Hope Ost Hills Chardonnay 2014 ,0.714285714
Glorious Morines Old Vines Chenin Blanc 2017 ,0.738095238
Ponga Albarino 2017 ,0.87804878
Mullineux Family Wines Straw Wine (375ML half-bottle) 2016 ,1
J Vineyards Pure Red 2015 ,0.833333333
Andreville Cabernet Sauvignon 2016 ,0.878787879
Clos du Bois California Cabernet Sauvignon 2015 ,0.979166667
rock &amp; Vine Cabernet Sauvignon 2016 ,0.975
J.J. Christoffel Riesling Grand Cru Glass ,0.739726027
Listry Chenin Blanc 2014 ,0.816326531
Big Basin Woodruff Family Vineyard Chardonnay 2015 ,0.803921569
Regis Bouvier Bourgogne Pinot Noir ,0.933333333
Gary Farrell Russian River Pinot Noir 2016 ,1
Vacault Sancerre Le Bouquet Rose of Pinot Noir 2017 ,0.821052632
Dos Connepotte Pouilly-Fume (375ML half-bottle) 2006 ,0.823529412
Cayuse God Only Knows Armada Vineyard 2014 ,1
Synclante Sangiacomo Vineyard Chardonnay 2016 ,0.866666667
Anthill Farms Campbell Ranch Vineyard 2015 ,0.886597938
Louis Bernard Cotes du Rhone 2010 ,0.970588235
Giunata Negra Brut Nature 2011 ,0.735294118
Domaine Frant Vara Cabernet Sauvignon 2016 ,0.870588235
Olivier Leflaive Chassagne-Montrachet 2016 ,1
Anobeix Zinfandel 2016 ,0.808510638
The Palm by White Big Riesling 2017 ,0.686567164
Red Car Ritchie Vineyard Chardonnay 2015 ,0.975609756
Castle Rock Mendocino Claret 2016 ,0.759493671
Tomer Heritage Sirello 2003 ,0.62745098
Domaine Follin-Arbelet Comte Legende Limballis Freres Sancerre Les Grands Chenes (Futures Pre-Sale) 2017 ,0.606451613
Duckhorn Napa Valley Cabernet Sauvignon 2010 ,0.977777778
Domaine des Roses Rose 2017 ,0.827586207
Domaine Lima Pinot Gris 2017 ,0.784313725
Schramsberg Blanc de Blancs 2012 ,0.96969697
Frank Family Vineyards Chardonnay 2016 ,1
Miura Vineyards Planet Gevrey-Chambertin Combettes 2016 ,0.666666667
Piper-Heidsieck Cuvee Brut (375ML half-bottle) ,1
Silver Trini ,0.685714286
Vengot Sauvignon Blanc 2017 ,0.881355932
Beaulieu Vineyard Rutherford Cabernet Sauvignon 2013 ,0.981132075
Andrea Oberto Barbera d'Alba 2015 ,0.970588235
Au Bon Climat Isabello 2015 ,0.805970149
Cloudy Bay Pinot Noir 2014 ,0.962962963
Conceito Contraste Tinto 2013 ,0.966666667
Donnafugata SurSur Grillo 2017 ,1
Carol-Joliette Bello 2003 ,0.631578947
Frank Family Vineyards Red Blend 2015 ,0.857142857
Chateau Hosanna 2006 ,0.904761905
14 Hands Dours Geardet 2000 ,0.680851064
Chateau Canon 2001 ,0.947368421
Plan Pegau Estate Red 2011 ,0.962962963
Anderson's Conn Valley Vineyards Napa Valley Merlot 2014 ,0.841269841
Robert Mondavi Napa Valley Chardonnay (375ML half-bottle) 2004 ,0.833333333
JCB No. 21 Blue Graces Barrels 2016 ,0.575757576
Domaine Grand Cotes du Jura 2014 ,0.842105263
Tilia Merlot 2016 ,0.944444444
Clos de Nit Montilla Selekinal Cotes du Rhone 2007 ,0.630434783
Amuse Bouvier Vennum Vineyard Pinot Noir 2015 ,0.765432099
Vineyard 7 and 8 Estate Cabernet Sauvignon 2013 ,0.979166667
Conundrum Red Blend 2015 ,0.96
Sloan Proprietary Red 2000 ,0.962962963
Chateau Prieure-Lichine (Futures Pre-Sale) 2016 ,1
McManis Family Vineyards Barbera 2017 ,0.973684211
Col d'Orcial Rose 2018 ,0.734693878
Lichen Pere &amp; Fils Gevrey-Chambertin 2007 ,0.85106383
Justin Isosceles 2015 ,1
Behrens &amp; Hino Desir Gruner Veltliner 2015 ,0.704545455
Manzoni Chardonnay 2015 ,0.958333333
Arianne White Blend 2015 ,0.775510204
Sables d'Azur Rose 2016 ,0.958333333
Krappille Oria Blend Pinot Noir 2017 ,0.701298701
Domaine Michel Gros Nuits-St-Georges Ronciere Premier Cru 2013 ,0.888888889
Vino Noble Shooting Spilly Red 2016 ,0.625
Louis Ladoine Pauna 2009 ,0.666666667
Mullineux Family Wines Sonoma Coast Pinot Noir 2014 ,0.795698925
Domaine de Colette Mountain 2010 ,0.84375
Louis Jadot Beaujols Ranch Pinot Noir 2014 ,0.76056338
Colgin Tychson Hill Vineyard Cabernet Sauvignon 2013 ,1
Anthill Farms Comptche Ridge Special Selection Cabernet Sauvignon 2008 ,0.75
Sine Qua Non Demi-Sec ,0.642857143
Hundred Acre Deep Time Cabernet Sauvignon 2013 ,0.957446809
Crossbarn by Paul Hobbs Napa Valley Cabernet Sauvignon 2014 ,0.983333333
Chateau Lynch-Bages 2011 ,1
Anderson's Conn Valley Vineyards Prologue Chardonnay 2016 ,0.982758621
Bacigalupa Piccolo Chenin Blanc 2017 ,0.71875
Catena Alta Chardonnay 2015 ,1
Brick &amp; Joel Gowny Port ,0.561403509
Leone de Castris Verdeca 2016 ,0.763157895
Villa Creek Cabernet Sauvignon 2007 ,0.88
Bond Pluribus 2008 ,1
Robert Sinskey Lorra Chardonnay 2011 ,0.738461538
Domaine des Balf-bottle) 2017 ,0.68852459
Chateau Ducru-Beaucas de la Bina Rosso 2014 ,0.746666667
Bouchard Pere &amp; Fils Brut Blanc de Blancs ,0.772727273
La Fenetri Barbaresco 2014 ,0.784313725
Austerity Pinot Noir 2016 ,1
Chateau Pavie Macquin 2006 ,1
Chateau Ste. Michelle Columbia Valley Syrah 2013 ,0.979591837
Pommery By Willow's Cuvee Cabernet Sauvignon 2014 ,0.746987952
Renwood Winery BBQ Zinfandel 2013 ,0.970588235
Save Marton Rouge 2012 ,0.678571429
Duck Sauvignon Blanc 2015 ,0.892857143
Ramey Napa Valley Merlot 2016 ,0.866666667
Fleur de California Chake Pinot Noir 2014 ,0.896551724
Cellers Can Blau Blau 2017 ,1
Rock &amp; Vine Cabernet Sauvignon 2014 ,0.975
Peachy Canyon Ciel du Casse Nude 2016 ,0.76056338
Weingut Hirsch Zast Chardonnay 2016 ,0.787878788
Wines Cuvee Central Coast Rose 2017 ,0.707692308
Chateau Ste. Michelle Rose 2017 ,0.96875
Clos Santery Pinot Noir 2015 ,0.857142857
Chateau de Chantegrive Pinot Noir 2015 ,0.732394366
Cultivar Cabernet Sauvignon 2012 ,0.96969697
JCK Wet Springs Vineyard Pinot Noir 2013 ,0.80952381
Stephen Vincent Pinot Noir 2016 ,1
Rombauer Chardonnay (375ML half-bottle) 2006 ,0.955555556
Quinta do Luna Nossan Vineyard Xino Vineyard Pinot Noir 2015 ,0.71559633
Floria Fino Cervera Sonoma Zinfandel (375ML half-bottle) 2017 ,0.761061947
Antinori Marciano Vineyard Grenache 2012 ,0.740740741
Bucci Villa Bucci Riserva Verdicchio 2014 ,0.976190476
Clos Cibonne Cotes de Provence Rose 2017 ,0.88172043
Brezza Swench Cabernet Sauvignon 2010 ,0.823529412
CVNE Contino 2013 ,0.772727273
Bevan Cellars Tench Vineyard Cabernet Sauvignon 2011 ,0.981132075
Chateau Bastor-Lamontagne Saumur-Champigny Terres Francs Cru 2016 ,0.62992126
Berlucching Cuvee Pinot Noir 2010 ,0.721311475
Domaine Louis Moreau Chablis 2017 ,0.970588235
Colosi Rosso ,0.689655172
Cono Sur Bicicleta Cabernet Sauvignon 2015 ,1
Pio Cesare Barbaresco Langhe Nebbiolo 2016 ,0.8
Helen &amp; Joel Red 2016 ,0.738461538
Casa Pinot Noir 2016 ,0.909090909
Byrigen Vineyard Pinot Noir 2004 ,0.861111111
Chateau - Cabernet / Merlot Grand Cru Glasses - Set of 4 ,0.694915254
Robert Craig Cellars Appellations Citwile Chardonnay 2016 ,0.74137931
Chateau Clos Marsalette Clos du Four 2012 ,0.711111111
Il Poder Flor de Colghain Pinot Noir ,0.666666667
anchi Cabernet Sauvignon 2014 ,0.920634921
Cave Cleu Cabernet 2015 ,0.72
RL Buller Fine Victoria Tiara 2014 ,0.733333333
Convento de Plan Rubenopre Vineyard Cabernet Sauvignon 2014 ,0.757281553
Miguel Torres Las Mula Sauvignon Blanc 2017 ,0.784810127
Apriori Cellar + Cellars Left Vineyard Cabernet Sauvignon 2015 ,0.775862069
Korbin Kameron Cabernet Franc Reserva 2016 ,0.756097561
Joel Gott Blend Sauvignon Blanc 2016 ,0.882352941
Londer Vineyards The Araucte de Branaine 2001 ,0.623655914
Gueglau tes Vers Chardonnay 2016 ,0.745762712
Helen &amp; Joey Alena Cabernet Sauvignon 2010 ,0.978723404
Henschke Croft Cabernet Sauvignon 2017 ,0.821917808
Borgo Scopeto Chianti Classico Riserva 2014 ,0.875
Cloos Rossis 2015 ,0.705882353
Bucola Brut ,0.689655172
Produttori del Cabernet Sauvignon 2013 ,0.833333333
Heinz Eifel Rose ,0.733333333
De Martino Estate Cabernet Sauvignon 2013 ,0.976190476
Vinos Guerra White Blend ,0.655737705
Banshee Leoven Red Blend 2016 ,0.730769231
Hearst Ranch Chilenous Pegouillots 2014 ,0.794871795
Joseph Jewell Grist Cabernet Sauvignon 2012 ,0.839506173
Two Hands Hon Old Vines Marsanne 2007 ,0.61971831
White Rock Vineyards Claret Cabernet Sauvignon 2013 ,0.927835052
Vaughn Duffy Sauvignon Blanc 2017 ,1
Beauxe Maria De Cuyverneau 2016 ,0.625
Hope Estate Third Mandrid Red Blend 2015 ,0.696969697
Big Smooth Old Vine Zinfandel 2016 ,0.971428571
Laurier Vineyards Freis Cabernet Sauvignon 2005 ,0.831460674
Domaines Babre Albarino 2017 ,0.754098361
Billaud-Simon Chablis Mont de Milieu Premier Cru Rouge 2016 ,0.830508475
Jean-Claude Boisset Pinot Bianco 2017 ,0.75
Caposaldo Chianti 2017 ,0.956521739
Domaine Jean Franciacorta Rose ,0.677966102
A.J. Adaming Cabernet Sauvignon 2012 ,0.823529412
Lake Sonoma Winery Dry Creek Valley Zinfandel 2015 ,0.980392157
Six Degrees Cellars Chardonnay 2014 ,0.972222222
Cellers Can the Moonlight Riesling 2016 ,0.712328767
Don Rodolfo Pinot Noir 2015 ,0.964285714
Cypress Sauvignon Blanc 2017 ,0.892857143
Nikolaihof Vinothek Rose ,0.779661017
Chateau Clinet (Futures Pre-Sale) 2017 ,0.974358974
Henschke Croft Caoly Cabernet Sauvignon 2010 ,0.763157895
Antica Townsend Vineyard Pinot Noir 2014 ,0.784810127
Michel Gassier Costieres de Nimes Red Blend 2014 ,0.811320755
Lucien Le Moine Chardonnay 2014 ,0.793103448
Vidal-Fleury Cotes du Rhone Vin Gourmand Blanc de Blancs ,0.729166667
A Portelli Chianti Classico 2015 ,0.835820896
Black Sheep Finds Holus Coldi 2017 ,0.815789474
Gaia Notiose Vineyard Chardonnay 2016 ,0.831168831
Clos Pegase Mitsuko's Vineyard Chardonnay 2015 ,0.978723404
Bodega Colombo Red Blend 2016 ,0.741935484
Neely Spring Ridge Vineyard Pinot Noir 2014 ,0.851485149
Mont-Marcal to Et 2004 ,0.620689655
Pierre Gobillard Rose Brut ,1
La Vie de Murchella Rufina 2016 ,0.6
Chateau Souverain Sauvignon Blanc 2018 ,0.974358974
Donati Family Vineyards Rutherford Cabernet Franc 2016 ,0.868686869
Tikves Jacques Perrin Vineyard Chardonnay 2015 ,0.747252747
Chanin Bien Nacido Vineyard Gewurztraminer 2016 ,0.782608696
Black Sheep Finds Hocus Pocus Syrah 2014 ,1
Clau de Nell Grolleauct 2014 ,0.928571429
Pepperwood Grove Cabernet Sauvignon ,1
Brander Cuvee Inspirado Red 2013 ,0.666666667
Beringer Sonoma Coast Chardonnay 2014 ,0.857142857
Turley Old Vine Zinfandel 2014 ,0.838709677
Jeff Cohn Cellars Haley's Reserve Cabernet Sauvignon 2005 ,0.817391304
Bouchard Pere &amp; Fils Nuits-St-Georges 2015 ,1
Lechthaler Zweigelt Crozeo Relle Village (375ML half-bottle) 2005 ,0.656716418
Col d'Orcia Brunello di Montalcino 2009 ,0.95
Robert Cantin Les McKarglier Vineyard Chardonnay 2002 ,0.744680851
Chateau Leoville Las Cases (Futures Pre-Sale) 2016 ,1
Brandlin Cabernet Franc 2014 ,0.872727273
Century Cellars Zinfandel 2014 ,0.838709677
Benovia Rosso 2016 ,0.790697674
Mullineux Family Wine Company Clos 2015 ,0.783783784
Chappellet Mountain Cabernet Sauvignon 2016 ,0.86746988
Ciacci Piccolomini d'Aragona 2013 ,0.904109589
Bettor-Giliteva Campollia 2017 ,0.566666667
Riedel Souh de Cuvee Meursault Les Golgenti 2015 ,0.646464646
Chateau Tinto 2015 ,0.842105263
Lucas &amp; Godiva Gift Box) 2016 ,0.6875
Trig Point Railyard Vineyard Cabernet Sauvignon (1.5 Liter Magnum) 2004 ,0.84057971
Juve Y Camps Cava Graccino 2016 ,0.739726027
Iron Horse Unoaked Chardonnay 2016 ,0.971428571
Domaine Seguinot-Boudots Premier Cru 2014 ,0.752941176
San Filippo Brunello di Montalcino Riserva Villafream Reserve The Contours Riesling 2013 ,0.633093525
Pomelo Paillaco Coro de Hanwood Albarino 2017 ,0.666666667
Conceito Douro Somasso Rosso 2015 ,0.733333333
Undurry's Leap Estate Reserve 2016 ,0.646153846
Chateau Coutet (Futures Pre-Sale) 2017 ,1
Bleach-Bas Sauvignon Blanc 2017 ,0.847457627
Philippe Dive La Remiso Rose 2017 ,0.607142857
Chateau Terriere Brouilly Vieilles Vignes 2011 ,0.772727273
William Fevre Chablis Vaillons Premier Cru 2015 ,0.979166667
Plan Vineyards Joy 2007 ,0.754716981
Chapel Covee Rose 2017 ,0.769230769
Yalumba The Octavides Rouge 2015 ,0.693333333
Celler del Roure Vermouth Rouge ,0.741935484
Txonos Paul Hallberg Charlie's Moullydooy 2014 ,0.528735632
Bleckson Malbec 2017 ,0.8
Fattoria Sagdi Vermentino di Borge Le Rossi Conecci Pinot Grigio 2015 ,0.594594595
Peter Mathis Uber Rouge 2014 ,0.806451613
Kanotherf Estate Chardonnay 2016 ,0.838709677
J. Davies Cabernet Sauvignon 2013 ,0.970588235
EOS Punta Perescle Di 2016 ,0.612244898
Kuleto Estate Naturel Sauvignon Blanc 2016 ,0.835443038
Clos LaChance Celillero Chardonnay 2012 ,0.76744186
Lava Cap Reserve Cabernet Sauvignon 2010 ,0.864864865
Andre Brunel Chateauneuf-du-Pape Blanc 2013 ,0.902439024
Minuty Bon Chardonnay 2014 ,0.830188679
Bedrock Wine Company Weill a Wature Alexander Valley Chardonnay (375ML half-bottle) 2017 ,0.68
Bonny Sochette Pinot Noir 2015 ,0.766666667
Boschendal Cabernet Sauvignon Grand Vin 2013 ,0.746666667
Gruet Blanc de Blanc 2013 ,0.943396226
The Withers Belgia de Otour Chardonnay 2016 ,0.704225352
Casa Silva Sauvignon Blanc 2016 ,0.827586207
Joseph Phelps Backus Vineyard Cabernet Sauvignon 2014 ,0.981481481
Toscolo Chianti Classico 2016 ,1
Sottimano Barbera d'Alba 2014 ,0.828571429
Bouchard Pere &amp; Fils Beaune Clos du Roi Grand Cru 2009 ,0.796747967
3 Deri Rose 2017 ,0.787878788
Mueller Emily's Cuvee Alta Cabernet Sauvignon 2013 ,0.755555556
Domaine Lafond Roc-Epine Rouge 2014 ,0.897435897
Rancho Sisquoc Pinot Noir 2014 ,0.967741935
Andrew Rich Croft Chardonnay 2013 ,0.769230769
Cochon Old Vine Pinot Noir 2015 ,0.835820896
Stony Hill White Blend 2013 ,0.813559322
El Esteco Don David Reserve Zinfandel 2016 ,0.829268293
Limour du Coult Cabernet Sauvignon 2016 ,0.8
Maggio Family Vineyards Estate Chardonnay 2014 ,0.896551724
Kokomo Wines Cuvee Red 2016 ,0.964285714
Anderwontesi Brovia Pinot Noir 2014 ,0.738461538
Domaine de la Charbonniere Chigas Ligureau Sauvignon Blanc 2017 ,0.738738739
Chateau Lynch-Bages (Futures Pre-Sale) 2017 ,1
Floria Faillard Beaujolais Riesling 2014 ,0.675
Sojourn J. Pireites Rouge Clos de Choue Premier Cru 2016 ,0.672727273
Katan The Bundrer Riesling Tree Vilianie 2015 ,0.644444444
Ghost Pines Cabernet Sauvignon 2011 ,0.972222222
Maltoranos Old Vine Asosels 2012 ,0.677966102
Jamieson Ranch Vineyards Double Lakey Reserve Cabernet Franc 2014 ,0.80620155
Hilliard Alta Chardonnay 2015 ,0.823529412
Flora Springs Family Estate GM Selsee A P #0502 2009 ,0.618556701
Celle Glailly La Pessisalles Vieilles Vignes 2015 ,0.631578947
Loring Wine Company California Cabernet Sauvignon 2012 ,0.804123711
Alban Pangok Cabernet Sauvignon 2016 ,0.84057971
Amici Cava Black 10 Year Old Tawny Port ,0.695652174
Tenuta Luisa Cabernet Franc 2014 ,0.96969697
Chateau Monbousquet (Futures Pre-Sale) 2017 ,1
Monte Antico Supremullo 2013 ,0.928571429
Brooks Rastaban 1999 ,0.679245283
Cayuse Biore Cabernet Sauvignon 2005 ,0.833333333
Zepalomos Central Coast Rose 2017 ,0.761904762
Peter Paul Autor Legend Cream Petite Sirah 2016 ,0.674418605
Behrens &amp; Hitchcock The Heavyweight (1.5L Magnum) 1996 ,0.93220339
Tyler Winery Sanfirolo Pinot Grigio 2017 ,0.746268657
Grimm's Blufolio Les Glau de Carvin Reserve Cabernet Sauvignon 2014 ,0.739495798
Miura Vintage Port 2016 ,0.833333333
Luca Bosio Barbera d'Asti 2016 ,0.967741935
Noble Vines 446 Monoprieto 2017 ,0.727272727
Chateau Ste. Michelle Indian Wells Vineyard Chardonnay 2016 ,1
Domaine de Durban Muscadet Sevre White Cabernet Sauvignon 2015 ,0.72
Aubert Ladoix Howell Mountain Cabernet Sauvignon 2015 ,0.862745098
Dunn Howell Mountain Cabernet Sauvignon 2014 ,1
Camigliano Gensieres Premier Cru 2015 ,0.659090909
Mullineux Family Winemakers Flaus in Scotch Batz Tawny Port ,0.581818182
Kuleto Estate Estate Chardonnay 2015 ,0.972972973
Domaine Michel Gros Premier Cru 2015 ,0.763157895
Pecchenino Bricco Botti Dogliani Superiore Dolcetto 2016 ,0.98245614
Popcorn Chardonnay 2015 ,1
Au Bon Climat Santa Barbara Pinot Noir 2014 ,0.977272727
Ruffino Riserva Ducale Oro 2007 ,0.740740741
Poggio al Tesoro Solochettor Sauvignon Blanc 2017 ,0.698795181
Clos Cibonne Cotes de Provence Unoaked Chardonnay 2015 ,0.747663551
Kooyong Ferrous Pinot Noir 2014 ,0.96875
Dog Point Vineyard Cabernet Sauvignon 2007 ,0.839506173
Cesar Florido Cellars Sonoma Coast Pinot Noir 2017 ,0.842105263
Domaine des Grillemonts Saumur Rose 2017 ,1
Dona Paula Lucchion Cabernet Sauvignon 2016 ,0.8
Chateau de Segries Tavel Rose 2017 ,1
Scar of the Obses Rose 2017 ,0.7
Loveblock Sauvignon Blanc 2017 ,1
Famille Perrin Cotes du Rhone Villages Seguret Sauvignon Blanc 2016 ,0.762711864
Madrigal Vineyards Cabernet Sauvignon 2013 ,0.879120879
Clos Du Val Cabernet Sauvignon 2012 ,0.886075949
Donnhoff Oberhauser Brucke Riesling Eiswick Adolaph Syrah 2015 ,0.747826087
Jean Loron Chardonnay 2016 ,1
Joseph Jewell Russian River Valley Chardonnay 2015 ,0.980392157
Chofflette Lyphway 1287 Cabernet Sauvignon 2015 ,0.746987952
Lecheneaut Nuits-St. Georges 2014 ,1
Vineyard 7 and 8 Estate Cabernet Sauvignon Howell Mountain 2013 ,0.839285714
Jacuzzi Primitivo 2014 ,0.956521739
Fermano Chianti Colli Senesi 2016 ,0.828571429
30 Yeart Mount Chardonnay 2016 ,0.777777778
Brundlmayer Kregady Cabernet Sauvignon (375ML half-bottle) 2000 ,0.813559322
Giornata Sounds Pinot Noir 2014 ,0.8125
Apaltagua Passimentia Barbera d'Asti 2016 ,0.684931507
Don Rodolfo Pinot Nero 2015 ,0.892857143
Altocedro Vermentino di Gallura Super Gramer's Terra de Latour Aloxe Corton 2015 ,0.571428571
Joseph Drouhin Cote de Nuits Villages 2014 ,0.976744186
Lesimple Lella Viusor Black Magnum 2014 ,0.608695652
Delaire Graff Chenin Blanc 2017 ,1
Bouchaine Estate Chardonnay 2009 ,0.939393939
Syncredel TBRate Roty Chardonnay 2015 ,0.705882353
Crowletto Castelmamo Chardonnay 2012 ,0.704225352
Kim Bohr Reserve Red Blend 2014 ,0.712328767
Fat Cantour Chardonnay 2016 ,0.833333333
Noon Eco Vineyards Reserve Claret 2013 ,0.785714286
Ruffino Il Ducale Pinot Grigio 2017 ,0.972222222
Marcassin Marcassin Vineyard Pinot Noir 2016 ,0.977777778
Scarecrow Cabernet Sauvignon 2016 ,0.970588235
Poggio San La Rocche di Castagnole Monferrato 2017 ,0.747663551
19 Crimes The Band 2014 ,0.84
Il Mourvedre 2015 ,0.761904762
Cloudy Bay Chardonnay 2016 ,1
Pol Roger Blend M Chardonnay 2014 ,0.75
Leese-Fitch Cabernet Sauvignon 2014 ,0.972222222
Duorum Columbia Valley Syrah 2016 ,0.805555556
Chateau Les Grands Chenes (Futures Pre-Sale) 2017 ,1
Domaine de Rouge Rose d'Espie Original 2015 ,0.634146341
Avalonkon Estate Grown Merlot Cabernet Sauvignon 2014 ,0.752475248
Twin Islands Claret 2015 ,0.754716981
Ferreira Esteva Laga White 2016 ,0.754716981
Ridge Pacer White Blend ,0.642857143
Hitching Post Big Cido Vineyard Pinot Noir 2010 ,0.818181818
Aubert La Coulti Garnacha Blanca 2017 ,0.702702703
Merryvale Sauvignon Blanc 2016 ,0.967741935
Secret Indulgence Estate Sauvignon Blanc 2015 ,0.790697674
Riedel Black Tie Decanter ,1
Scribe Cortese 2016 ,0.682926829
Joseph Phelps Cabernet Sauvignon 2016 ,1
Beaulieu Vineyard Bee Block CSM 2015 ,0.722222222
Finca Villafranca 2016 ,0.736842105
Adora Suvear Red 2016 ,0.75
Duval-Leroy Brut Reserve ,1
Artesa Chardonnay 2016 ,0.869565217
Barboursville Nebbiolo Reserve (1.5 Liter Magnum) 1998 ,0.725274725
Azul y Garanza Garciano 2014 ,1
Colgin Tychson Hill Calez de Bellefon Blanc de Blancs 2015 ,0.610526316
Rocca delle Martin Sauvignon Blanc 2017 ,0.783783784
Waits-Mast Family Cellars Bearita Etna Rosso 2013 ,0.747474747
Titures White Blend 2012 ,0.734693878
Realm The Absurd (1.5L Magnum) 2014 ,1
Balletto Winery Russian River Valley Chardonnay 2015 ,0.828282828
Regis Bouvier Blanc de Blancs Vignes (500ML) 2013 ,0.641975309
Etude Sta. Rita Hills Syrah 2017 ,0.789473684
Ridge Three Rip Chardonnay 2016 ,0.779661017
Keenan Napa Valley Merlot (375ML half-bottle) 2015 ,1
Gruet Blanc de Noirs (375ML half-bottle) ,1
Penfolds Blew Rose 2017 ,0.75
Kalen Pinot Noir 2016 ,0.909090909
Marchesi di Family Cabernet Sauvignon 2011 ,0.875
Boutari Naop 2016 ,0.820512821
Stony Hill White Blend ,0.740740741
Laurent-Perrier La Riotte Pinot Noir 2016 ,0.712328767
Andrew Rich Martan County Cabernet Sauvignon 2014 ,0.752688172
Luca Beso de Barrantano Cabernet Sauvignon 2012 ,0.757894737
Scholium Project Andes Albarino 2017 ,0.743589744
Ironstone Chenin Blanc 2014 ,0.964285714
Ruffino Imperial Reserva 2006 ,0.666666667
Banshee Mordecai Proprietary Red 2014 ,0.973684211
Balverne Cabernet Sauvignon 2017 ,0.96969697
Chateau d'Yquem Sauternes (375ML half-bottle) 2014 ,1
Barnett Vineyards Peacocches Vineyard Block 10 (375ML half-bottle) ,0.629032258
Ryme Las Beaune Clos de Cuepa Cava Brut ,0.555555556
Amici Chardonnay 2015 ,0.844444444
Robert Mondavi Napa Valley Cabernet Sauvignon 2013 ,0.980392157
Bailly Lapierre Blanc de Blancs ,0.741935484
Billaud-Simon Chablis Mont de Milieu Premier Cru Chablis 2012 ,0.8
Domaine de la Mordoree Chateauneuf-du-Pape 2014 ,0.863157895
Tenuta Salderiza Pere Muriel Vermentino 2017 ,0.65060241
Chateau des Beau 2013 ,0.80952381
Domaine Thibault Liger-Belair Volnas Vignes Pinot Noir 2014 ,0.738738739
Chateau Grand Barrail Lamarzelle Figeac 2016 ,1
Baileya Form Sauvignon Blanc 2018 ,0.8125
Benanti Etna Rosso 2016 ,1
Wild Horse Cabernet Sauvignon 2014 ,1
Loire Petite Sirah 2014 ,0.84
Four Vines Big Store Creek Vineyard Cabernet Sauvignon 2012 ,0.776699029
Luddite Saboteur Cetailler Old Vine Riesling 2015 ,0.658536585
Chateau Teyssier 2017 ,0.954545455
In Point Costama Decanter ,0.612244898
Downes Family Estate Pinot Noir 2014 ,0.837837838
Frisson Wines Bigun Drap Futures Provence Rose 2007 ,0.588235294
Pride North Pinot Noir 2017 ,0.793650794
Clos Fourtet (1.5 Liter Futures Pre-Sale) 2017 ,0.930693069
HobNob Pinot Noir 2014 ,0.956521739
Luigi Borbelee Combottes Premier Cru 2013 ,0.622641509
Louis Bouillot Perle de Nuits Villages 2014 ,0.786516854
Domaine Chaume-Arnaud Cotes du Rhone 2016 ,1
Sterling Napa Cabernet Sauvignon 2016 ,1
Clos du Bois Pinot Noir 2014 ,0.965517241
Lillet Blanchottoria Rose 2015 ,0.64516129
Chateau Chauvin (Futures Pre-Sale) 2017 ,0.975
Bouchard Pere &amp; Fils Beaune Clos du Fonteny Corkscrew ,0.699186992
Twooty Vineyards Reserve Cabernet Sauvignon 2010 ,0.875
Punt Road Zinfandel 2014 ,0.765957447
St. Innocent Zenith Vineyard Pinot Noir 2014 ,1
Indaba Chardonnay 2014 ,0.956521739
Domaine Dupoy Cabernet Sauvignon 2016 ,0.853333333
Ojai Pinot Noir 2013 ,0.88372093
De Martino Estate Cabernet Sauvignon Howell Mountain 2012 ,0.872727273
Nautilus Clos de Malte Blanc 2016 ,0.675
Twow Miner Vineyard Pinot Noir 2005 ,0.788732394
Tilia Towno 2006 ,0.722222222
Secret Indulgence Evolucciano Chianti Classico Riserva (375ML half-bottle) 2014 ,0.75862069
Yalumba Late Bonneville Brut ,0.608695652
BonAnno Pinot Noir 2015 ,0.958333333
Cellar Pinol Performal Cotes du Rhone St. Esprit Rose 2016 ,0.792079208
Despaud Cabernet Sauvignon (6 Liter Bottle) 2014 ,0.796460177
Aubert Laroche Chablis 2015 ,0.654545455
Andrew Will Winery Merlot 2016 ,1
McManis Family Vineyards Merlot 2016 ,0.972972973
Dashe Todduria Pinot Noir 2015 ,0.763636364
Hayes Ranch Cabernet Sauvignon 2014 ,0.972222222
Domaine Dubois Bernard Chorneau (Futures Pre-Sale) 2017 ,0.752475248
Viva Italice Pinot Grigio 2017 ,0.819672131
Bodegas Intesins Cabernet Sauvignon 2016 ,0.826666667
Hugel Riesling 2017 ,0.95
Byris Rose 2017 ,0.838709677
Saxum Terry Hills Chardonnay 2013 ,0.786885246
Guigal Chotard Cabernet Sauvignon 2008 ,0.8
Inparre Farm Albarino 2017 ,0.84
Seghesio Home Ranch Zinfandel 2012 ,0.971428571
Domaine Amido Tavel Rose 2017 ,0.782608696
Ancient Peaks Paso Robles Montmains Paso de Milieu Premier Cru Chablis 2015 ,0.727272727
A Trine Le Rochoy 2017 ,0.690909091
Roucert Pas De Barrel Auction) 2014 ,0.625
Chateau de Cy Fleurie 2015 ,0.784313725
Cristolanco Chardonnay 2017 ,0.830188679
Chateau Gian 2004 ,0.842105263
Chateau Marlborough Les Brugueres 2015 ,0.65
Cenyth Red Blend 2016 ,0.954545455
Chateau Ste. Michelle Cold Creek Vineyard Cabernet Sauvignon 2016 ,0.984848485
Kay Brothers Block 6 Shiraz 2013 ,1
Giornata Barbera 2016 ,0.954545455
Hearst Ranch Pico Creek Chardonnay 2015 ,0.842105263
McIntyre Estate Chardonnay 2014 ,0.96875
Rutherford Vintners Chardonnay 2016 ,0.972222222
Clarks delle Tempranillo 2015 ,0.75
Haine les Paleta Non Alma Rosado 2016 ,0.648648649
Vino Noceto San Martinula 2010 ,0.711864407
Big Quinta do Noval Noval di Montepulciano Riserva 2013 ,0.710280374
Pope Pinot Noir 2015 ,0.87804878
Valdespino Pecorino 2016 ,0.765957447
William Fevre Chablis 2015 ,0.838709677
Duckhorn Napa Valley Cabernet Sauvignon 2015 ,1
Calina Cava Brut Reserva ,0.8
Saint Coste Londee de Tonnes Blanches 2013 ,0.630434783
Ruffino Bonzana Tinto 2015 ,0.666666667
Seghesio Sonoma Zinfandel (375ML half-bottle) 2006 ,0.980392157
Le Pelley Mas No. Bourgogne Pinot Noir 2015 ,0.738095238
Beau Joie Sugard Moscato Rose 2017 ,0.684931507
Tournon Musert Cuttings 2017 ,0.607142857
Kuleto Estate Grown Sauvignon Blanc 2018 ,0.843373494
Baker Lane Chardonnay 2016 ,0.888888889
Ken Forrester Petit Cabernet Sauvignon 2016 ,1
Ghost Block Sauvignon Blanc 2017 ,0.857142857
Tilien Cotes du Jura Chardonnay 2013 ,0.814814815
A.P. Vin Caldenet Red Blend 2012 ,0.701754386
CottonWoor Cabernet Sauvignon 2014 ,0.848484848
Stephen Vincent Chardonnay 2015 ,1
Johan Vineyards Old Dergeo Bridlego Blanc 2016 ,0.643678161
Mira Winery Stanly Ranch Pinot Noir Rose 2016 ,0.91954023
Feudo di Santa Tresa Purato Nero d'Avola 2016 ,0.97826087
Pezzinger St. Laurent Blanc de Blancs ,0.712328767
Chateau Ste. Michelle Mimosa Pinot Nero ,0.769230769
Selby Cabernet Sauvignon 2013 ,1
Domaine Faiveley Noint Cabernet Sauvignon 2012 ,0.80952381
Domaine Emile Beyer Deslano Clos Rochettes 2016 ,0.707070707
Clos Fourchaume Petite Sirah 2016 ,0.741935484
Uriondo Txakoli Bianco 2016 ,0.735294118
Andrew Will Winery Merlot 2015 ,1
Bruce Patch Harris Krizzantei Reserve Bourgogne Blanc 2013 ,0.593220339
Bouchard Aine &amp; Fils Pouilly-Fuisse 2014 ,0.977777778
Cypress Cabernet Sauvignon 2015 ,0.96875
Johan Vineyards Estate Pinot Noir 2013 ,0.936708861
Bouchard Santa Barbara County Pinot Noir 2017 ,0.821052632
Domaine Fercherron Chateauneuf-du-Pape Vieilles Vignes 2014 ,0.883333333
Meo-Celler Valley Pinot Noir 2016 ,0.793650794
Domaine Bourillon-Dorlbothes Xamhas Cuvee Speciale Cuvee (3 Liter Bottle) 2009 ,0.552147239
Giovanni Alment Corton Grand Cru (scuffed label) 1998 ,0.661290323
Chateau Souverain Merlot 2015 ,0.966666667
Chateau de Beauregard Cuvee Cabernet Sauvignon-Merlot 2014 ,0.701754386
Fleur du Cap Chardonnay 2016 ,0.965517241
Red Car Estate Gris 2015 ,0.75
Conde Villar Tinto Reserva 2012 ,0.830769231
Rocca Family Vineyards Zinfandel 2014 ,0.871794872
Bortolo Rosso di Montalcino 2015 ,0.861538462
Sobon Estate Origin Secatelle 2016 ,0.712328767
De Martino Legado Carignan 2015 ,0.861538462
Feudi del Pisciotto Tenura Zingage 2012 ,0.697674419
Banfi Bernardi Cuvee Blanc 2014 ,0.689655172
Domaine de Beaurenard Cotes du Rhone Chateau Nencus 2013 ,0.828282828
Clos Floridene Chardonnay 2014 ,0.79245283
Ridge Pecorino 2017 ,0.761904762
Oak Farm The Rose 2017 ,0.8
Borgo Scopeto Chianti Classico 2015 ,1
Pedralongal Rose 2017 ,0.769230769
Gamble Family Vineyards Malbec 2016 ,0.885714286
Clockwort Cabernet Sauvignon 2014 ,0.941176471
Titus Cabernet Sauvignon 2016 ,1
Domaine D'Inclier Bendrone Barbera D'Aste Chatelaves 2016 ,0.588235294
J. Lohr Wildfles Estate Semillon Sancerre 2017 ,0.64
Bouchaud Chardonnay 2016 ,0.88
Brick Barn Pinot Noir 2016 ,1
Masi Rosa Pinot Noir 2015 ,0.857142857
Andrew Rich Cru 2016 ,0.703703704
Chateau de Lagrezs 2012 ,0.826086957
